REF_AREA,INDICATOR,SEX,AGE,AGE_AT_BIRTH,WEALTH_QUINTILE,RESIDENCE,MOTHER_EDUCATION,DATA_SOURCE,UNIT_MULTIPLIER,UNIT_MEASURE,SERIES_FOOTNOTE,SUB_SECTOR,TIME_PERIOD,OBS_VALUE,SOWC_FLAG_A,DATA_SOURCE_PRIORITY,OBS_STATUS,OBS_CONF,LOWER_BOUND,UPPER_BOUND,WGTD_SAMPL_SIZE,UNWGTD_SAMPL_SIZE,OBS_FOOTNOTE,SOURCE_LINK,TIME_PERIOD_METHOD,COVERAGE_TIME
UNICEF_SA,MNCH_DEMAND_FP,_T,Y15T49,_T,_T,_T,_T,MNCH_SRC_2918,0,PCNT,,FAMILY_PLANNING,2023,74.4,,1,RA,F,,,,,,,EOF,
CZE,MNCH_DEMAND_FP,_T,Y15T49,_T,_T,_T,_T,MNCH_SRC_679,0,PCNT,,FAMILY_PLANNING,2005,81,,1,RP,F,,,,,,,EOF,
CZE,MNCH_DEMAND_FP,_T,Y15T49,_T,_T,_T,_T,MNCH_SRC_686,0,PCNT,,FAMILY_PLANNING,2008,85.7,,1,RP,F,,,,,,,EOF,
BFA,MNCH_DEMAND_FP,_T,Y15T19,_T,_T,_T,_T,MNCH_SRC_2912,0,PCNT,,FAMILY_PLANNING,2022,47.5,,1,RP,F,,,,,,"United Nations Department of Economic and Social Affairs, Population Division (2024). World Contraceptive Use 2024",EOF,
AFG,MNCH_DEMAND_FP,_T,Y15T49,_T,_T,_T,_T,MNCH_SRC_18,0,PCNT,,FAMILY_PLANNING,2015,42.1,,1,RP,F,,,,,,,EOF,
IND,MNCH_DEMAND_FP,_T,Y15T49,_T,_T,_T,_T,MNCH_SRC_1030,0,PCNT,,FAMILY_PLANNING,2002,61.7,,1,RP,F,,,,,,,EOF,
IND,MNCH_DEMAND_FP,_T,Y15T49,_T,_T,_T,_T,MNCH_SRC_1035,0,PCNT,,FAMILY_PLANNING,2007,63.9,,1,RP,F,,,,,,,EOF,
MUS,MNCH_DEMAND_FP,_T,Y15T49,_T,_T,_T,_T,MNCH_SRC_1440,0,PCNT,,FAMILY_PLANNING,2002,49.6,,1,RP,F,,,,,,,EOF,
IND,MNCH_DEMAND_FP,_T,Y15T49,_T,_T,_T,_T,MNCH_SRC_2677,0,PCNT,,FAMILY_PLANNING,2019,74.3,,1,RP,F,,,,,,,EOF,
IND,MNCH_DEMAND_FP,_T,Y15T49,_T,_T,_T,_T,MNCH_SRC_1033,0,PCNT,,FAMILY_PLANNING,2005,69.1,,1,RP,F,,,,,,,EOF,
IND,MNCH_DEMAND_FP,_T,Y15T49,_T,_T,_T,_T,MNCH_SRC_1043,0,PCNT,,FAMILY_PLANNING,2015,72.8,,1,RP,F,,,,,,,EOF,
MUS,MNCH_DEMAND_FP,_T,Y15T49,_T,_T,_T,_T,MNCH_SRC_1444,0,PCNT,,FAMILY_PLANNING,2014,41.9,,1,RP,F,,,,,,,EOF,
SLE,MNCH_DEMAND_FP,_T,Y15T49,_T,_T,_T,_T,MNCH_SRC_1962,0,PCNT,,FAMILY_PLANNING,2019,53,,1,RP,F,,,,,,,EOF,
SLE,MNCH_DEMAND_FP,_T,Y15T49,_T,_T,_T,_T,MNCH_SRC_1958,0,PCNT,,FAMILY_PLANNING,2013,49,,1,RP,F,,,,,,,EOF,
SLE,MNCH_DEMAND_FP,_T,Y15T49,_T,_T,_T,_T,MNCH_SRC_1960,0,PCNT,,FAMILY_PLANNING,2017,44.7,,1,RP,F,,,,,,,EOF,
SLE,MNCH_DEMAND_FP,_T,Y15T49,_T,_T,_T,_T,MNCH_SRC_1954,0,PCNT,,FAMILY_PLANNING,2008,22.6,,1,RP,F,,,,,,,EOF,
SLE,MNCH_DEMAND_FP,_T,Y15T49,_T,_T,_T,_T,MNCH_SRC_1956,0,PCNT,,FAMILY_PLANNING,2010,26,,1,RP,F,,,,,,,EOF,
MNE,MNCH_DEMAND_FP,_T,Y15T49,_T,_T,_T,_T,MNCH_SRC_1492,0,PCNT,,FAMILY_PLANNING,2018,32.9,,1,RP,F,,,,,,,EOF,
MNE,MNCH_DEMAND_FP,_T,Y15T49,_T,_T,_T,_T,MNCH_SRC_1490,0,PCNT,,FAMILY_PLANNING,2013,42.8,,1,RP,F,,,,,,,EOF,
ERI,MNCH_DEMAND_FP,_T,Y15T19,_T,_T,_T,_T,MNCH_SRC_2909,0,PCNT,,FAMILY_PLANNING,2010,5.8,,1,RP,F,,,,,,"United Nations Department of Economic and Social Affairs, Population Division (2024). World Contraceptive Use 2024",EOF,
GNB,MNCH_DEMAND_FP,_T,Y15T19,_T,_T,_T,_T,MNCH_SRC_2909,0,PCNT,,FAMILY_PLANNING,2019,24,,1,RP,F,,,,,,"United Nations Department of Economic and Social Affairs, Population Division (2024). World Contraceptive Use 2024",EOF,
MLI,MNCH_DEMAND_FP,_T,Y15T19,_T,_T,_T,_T,MNCH_SRC_2911,0,PCNT,,FAMILY_PLANNING,2018,30.5,,1,RP,F,,,,,,"United Nations Department of Economic and Social Affairs, Population Division (2024). World Contraceptive Use 2024",EOF,
TUR,MNCH_DEMAND_FP,_T,Y15T19,_T,_T,_T,_T,MNCH_SRC_2909,0,PCNT,,FAMILY_PLANNING,2018,40.3,,1,RP,F,,,,,,"United Nations Department of Economic and Social Affairs, Population Division (2024). World Contraceptive Use 2024",EOF,
NPL,MNCH_DEMAND_FP,_T,Y15T49,_T,_T,_T,_T,MNCH_SRC_1540,0,PCNT,,FAMILY_PLANNING,2006,60.8,,1,RP,F,,,,,,,EOF,
NPL,MNCH_DEMAND_FP,_T,Y15T49,_T,_T,_T,_T,MNCH_SRC_2846,0,PCNT,,FAMILY_PLANNING,2022,55.1,,1,RP,F,,,,,,,EOF,
NPL,MNCH_DEMAND_FP,_T,Y15T49,_T,_T,_T,_T,MNCH_SRC_1548,0,PCNT,,FAMILY_PLANNING,2019,61.9,,1,RP,F,,,,,,,EOF,
NPL,MNCH_DEMAND_FP,_T,Y15T49,_T,_T,_T,_T,MNCH_SRC_1547,0,PCNT,,FAMILY_PLANNING,2016,56.1,,1,RP,F,,,,,,,EOF,
NPL,MNCH_DEMAND_FP,_T,Y15T49,_T,_T,_T,_T,MNCH_SRC_1542,0,PCNT,,FAMILY_PLANNING,2011,56.2,,1,RP,F,,,,,,,EOF,
NPL,MNCH_DEMAND_FP,_T,Y15T49,_T,_T,_T,_T,MNCH_SRC_1544,0,PCNT,,FAMILY_PLANNING,2014,63.1,,1,RP,F,,,,,,,EOF,
AU_SOUTHERN_AFRICA,MNCH_DEMAND_FP,_T,Y15T19,_T,_T,_T,_T,MNCH_SRC_2918,0,PCNT,,FAMILY_PLANNING,2023,52.8,,1,RA,F,,,,,,,EOF,
NPL,MNCH_DEMAND_FP,_T,Y15T49,_T,_T,_T,_T,MNCH_SRC_1538,0,PCNT,,FAMILY_PLANNING,2001,52.8,,1,RP,F,,,,,,,EOF,
AUREC_CEN_SAD,MNCH_DEMAND_FP,_T,Y15T49,_T,_T,_T,_T,MNCH_SRC_2918,0,PCNT,,FAMILY_PLANNING,2023,55.1,,1,RA,F,,,,,,,EOF,
GAB,MNCH_DEMAND_FP,_T,Y15T19,_T,_T,_T,_T,MNCH_SRC_2911,0,PCNT,,FAMILY_PLANNING,2021,29.3,,1,RP,F,,,,,,"United Nations Department of Economic and Social Affairs, Population Division (2024). World Contraceptive Use 2024",EOF,
TJK,MNCH_DEMAND_FP,_T,Y15T49,_T,_T,_T,_T,MNCH_SRC_2062,0,PCNT,,FAMILY_PLANNING,2012,50.8,,1,RP,F,,,,,,,EOF,
TJK,MNCH_DEMAND_FP,_T,Y15T49,_T,_T,_T,_T,MNCH_SRC_2064,0,PCNT,,FAMILY_PLANNING,2017,52.1,,1,RP,F,,,,,,,EOF,
UNICEF_MENA,MNCH_DEMAND_FP,_T,Y15T49,_T,_T,_T,_T,MNCH_SRC_2918,0,PCNT,,FAMILY_PLANNING,2023,69.6,,1,RA,F,,,,,,,EOF,
MNG,MNCH_DEMAND_FP,_T,Y15T49,_T,_T,_T,_T,MNCH_SRC_1470,0,PCNT,,FAMILY_PLANNING,2003,79.3,,1,RP,F,,,,,,,EOF,
MNG,MNCH_DEMAND_FP,_T,Y15T49,_T,_T,_T,_T,MNCH_SRC_1473,0,PCNT,,FAMILY_PLANNING,2008,71.3,,1,RP,F,,,,,,,EOF,
MNG,MNCH_DEMAND_FP,_T,Y15T49,_T,_T,_T,_T,MNCH_SRC_1475,0,PCNT,,FAMILY_PLANNING,2010,65.3,,1,RP,F,,,,,,,EOF,
MNG,MNCH_DEMAND_FP,_T,Y15T49,_T,_T,_T,_T,MNCH_SRC_1477,0,PCNT,,FAMILY_PLANNING,2013,65.2,,1,RP,F,,,,,,,EOF,
MNG,MNCH_DEMAND_FP,_T,Y15T49,_T,_T,_T,_T,MNCH_SRC_1481,0,PCNT,,FAMILY_PLANNING,2018,63.6,,1,RP,F,,,,,,,EOF,
UNICEF_REP_REG_GLOBAL,MNCH_DEMAND_FP,_T,Y15T49,_T,_T,_T,_T,MNCH_SRC_2918,0,PCNT,,FAMILY_PLANNING,2023,77.1,,1,RA,F,,,,,,,EOF,
CMR,MNCH_DEMAND_FP,_T,Y15T19,_T,_T,_T,_T,MNCH_SRC_2911,0,PCNT,,FAMILY_PLANNING,2018,23.7,,1,RP,F,,,,,,"United Nations Department of Economic and Social Affairs, Population Division (2024). World Contraceptive Use 2024",EOF,
WSM,MNCH_DEMAND_FP,_T,Y15T49,_T,_T,_T,_T,MNCH_SRC_1894,0,PCNT,,FAMILY_PLANNING,2019,27,,1,RP,F,,,,,,,EOF,
WSM,MNCH_DEMAND_FP,_T,Y15T49,_T,_T,_T,_T,MNCH_SRC_1889,0,PCNT,,FAMILY_PLANNING,2009,34.9,,1,RP,F,,,,,,,EOF,
WSM,MNCH_DEMAND_FP,_T,Y15T49,_T,_T,_T,_T,MNCH_SRC_1891,0,PCNT,,FAMILY_PLANNING,2014,39.4,,1,RP,F,,,,,,,EOF,
ZWE,MNCH_DEMAND_FP,_T,Y15T49,_T,_T,_T,_T,MNCH_SRC_2265,0,PCNT,,FAMILY_PLANNING,2015,84.8,,1,RP,F,,,,,,,EOF,
ZWE,MNCH_DEMAND_FP,_T,Y15T49,_T,_T,_T,_T,MNCH_SRC_2261,0,PCNT,,FAMILY_PLANNING,2010,77.5,,1,RP,F,,,,,,,EOF,
ZWE,MNCH_DEMAND_FP,_T,Y15T49,_T,_T,_T,_T,MNCH_SRC_2258,0,PCNT,,FAMILY_PLANNING,2005,77.4,,1,RP,F,,,,,,,EOF,
ZWE,MNCH_DEMAND_FP,_T,Y15T49,_T,_T,_T,_T,MNCH_SRC_2263,0,PCNT,,FAMILY_PLANNING,2014,84.6,,1,RP,F,,,,,,,EOF,
EGY,MNCH_DEMAND_FP,_T,Y15T19,_T,_T,_T,_T,MNCH_SRC_2911,0,PCNT,,FAMILY_PLANNING,2014,63.9,,1,RP,F,,,,,,"United Nations Department of Economic and Social Affairs, Population Division (2024). World Contraceptive Use 2024",EOF,
BDI,MNCH_DEMAND_FP,_T,Y15T49,_T,_T,_T,_T,MNCH_SRC_412,0,PCNT,,FAMILY_PLANNING,2002,17.5,,1,RP,F,,,,,,,EOF,
UGA,MNCH_DEMAND_FP,_T,Y15T49,_T,_T,_T,_T,MNCH_SRC_2151,0,PCNT,,FAMILY_PLANNING,2016,53.3,,1,RP,F,,,,,,,EOF,
UGA,MNCH_DEMAND_FP,_T,Y15T49,_T,_T,_T,_T,MNCH_SRC_2144,0,PCNT,,FAMILY_PLANNING,2006,33.2,,1,RP,F,,,,,,,EOF,
UGA,MNCH_DEMAND_FP,_T,Y15T49,_T,_T,_T,_T,MNCH_SRC_2146,0,PCNT,,FAMILY_PLANNING,2011,43,,1,RP,F,,,,,,,EOF,
AU_NORTHERN_AFRICA,MNCH_DEMAND_FP,_T,Y15T19,_T,_T,_T,_T,MNCH_SRC_2918,0,PCNT,,FAMILY_PLANNING,2023,63.8,,1,RA,F,,,,,,,EOF,
UGA,MNCH_DEMAND_FP,_T,Y15T49,_T,_T,_T,_T,MNCH_SRC_2142,0,PCNT,,FAMILY_PLANNING,2000,35.4,,1,RP,F,,,,,,,EOF,
UGA,MNCH_DEMAND_FP,_T,Y15T49,_T,_T,_T,_T,MNCH_SRC_2148,0,PCNT,,FAMILY_PLANNING,2014,41.4,,1,RP,F,,,,,,,EOF,
UGA,MNCH_DEMAND_FP,_T,Y15T49,_T,_T,_T,_T,MNCH_SRC_2149,0,PCNT,,FAMILY_PLANNING,2015,48.9,,1,RP,F,,,,,,,EOF,
UGA,MNCH_DEMAND_FP,_T,Y15T49,_T,_T,_T,_T,MNCH_SRC_2153,0,PCNT,,FAMILY_PLANNING,2017,53.2,,1,RP,F,,,,,,,EOF,
UGA,MNCH_DEMAND_FP,_T,Y15T49,_T,_T,_T,_T,MNCH_SRC_2155,0,PCNT,,FAMILY_PLANNING,2018,55.1,,1,RP,F,,,,,,,EOF,
UGA,MNCH_DEMAND_FP,_T,Y15T49,_T,_T,_T,_T,MNCH_SRC_3157,0,PCNT,,FAMILY_PLANNING,2020,57.1,,1,RP,F,,,,,,,EOF,
UGA,MNCH_DEMAND_FP,_T,Y15T49,_T,_T,_T,_T,MNCH_SRC_3158,0,PCNT,,FAMILY_PLANNING,2021,62.5,,1,RP,F,,,,,,,EOF,
UGA,MNCH_DEMAND_FP,_T,Y15T49,_T,_T,_T,_T,MNCH_SRC_3216,0,PCNT,,FAMILY_PLANNING,2022,61.9,,1,RP,F,,,,,,,EOF,
DOM,MNCH_DEMAND_FP,_T,Y15T19,_T,_T,_T,_T,MNCH_SRC_2909,0,PCNT,,FAMILY_PLANNING,2019,71.2,,1,RP,F,,,,,,"United Nations Department of Economic and Social Affairs, Population Division (2024). World Contraceptive Use 2024",EOF,
BDI,MNCH_DEMAND_FP,_T,Y15T49,_T,_T,_T,_T,MNCH_SRC_422,0,PCNT,,FAMILY_PLANNING,2016,39.6,,1,RP,F,,,,,,,EOF,
BDI,MNCH_DEMAND_FP,_T,Y15T49,_T,_T,_T,_T,MNCH_SRC_415,0,PCNT,,FAMILY_PLANNING,2010,32.8,,1,RP,F,,,,,,,EOF,
MYS,MNCH_DEMAND_FP,_T,Y15T49,_T,_T,_T,_T,MNCH_SRC_3088,0,PCNT,,FAMILY_PLANNING,2022,49.6,,1,RP,F,,,,,,,EOF,
GHA,MNCH_DEMAND_FP,_T,Y15T19,_T,_T,_T,_T,MNCH_SRC_2911,0,PCNT,,FAMILY_PLANNING,2022,41,,1,RP,F,,,,,,"United Nations Department of Economic and Social Affairs, Population Division (2024). World Contraceptive Use 2024",EOF,
SRB,MNCH_DEMAND_FP,_T,Y15T49,_T,_T,_T,_T,MNCH_SRC_1940,0,PCNT,,FAMILY_PLANNING,2010,33.1,,1,RP,F,,,,,,,EOF,
SRB,MNCH_DEMAND_FP,_T,Y15T49,_T,_T,_T,_T,MNCH_SRC_1942,0,PCNT,,FAMILY_PLANNING,2014,38.7,,1,RP,F,,,,,,,EOF,
SRB,MNCH_DEMAND_FP,_T,Y15T49,_T,_T,_T,_T,MNCH_SRC_1946,0,PCNT,,FAMILY_PLANNING,2019,38.4,,1,RP,F,,,,,,,EOF,
AZE,MNCH_DEMAND_FP,_T,Y15T49,_T,_T,_T,_T,MNCH_SRC_182,0,PCNT,,FAMILY_PLANNING,2001,17.8,,1,RP,F,,,,,,,EOF,
AZE,MNCH_DEMAND_FP,_T,Y15T49,_T,_T,_T,_T,MNCH_SRC_186,0,PCNT,,FAMILY_PLANNING,2006,21.5,,1,RP,F,,,,,,,EOF,
COD,MNCH_DEMAND_FP,_T,Y15T49,_T,_T,_T,_T,MNCH_SRC_716,0,PCNT,,FAMILY_PLANNING,2010,18.4,,1,RP,F,,,,,,,EOF,
BGD,MNCH_DEMAND_FP,_T,Y15T49,_T,_T,_T,_T,MNCH_SRC_240,0,PCNT,,FAMILY_PLANNING,2012,78.3,,1,RP,F,,,,,,,EOF,
COD,MNCH_DEMAND_FP,_T,Y15T19,_T,_T,_T,_T,MNCH_SRC_2909,0,PCNT,,FAMILY_PLANNING,2018,19.4,,1,RP,F,,,,,,"United Nations Department of Economic and Social Affairs, Population Division (2024). World Contraceptive Use 2024",EOF,
UKR,MNCH_DEMAND_FP,_T,Y15T49,_T,_T,_T,_T,MNCH_SRC_2159,0,PCNT,,FAMILY_PLANNING,2012,68,,1,RP,F,,,,,,,EOF,
UKR,MNCH_DEMAND_FP,_T,Y15T49,_T,_T,_T,_T,MNCH_SRC_2157,0,PCNT,,FAMILY_PLANNING,2007,66.4,,1,RP,F,,,,,,,EOF,
AUREC_AMU,MNCH_DEMAND_FP,_T,Y15T49,_T,_T,_T,_T,MNCH_SRC_2918,0,PCNT,,FAMILY_PLANNING,2023,69.1,,1,RA,F,,,,,,,EOF,
BGD,MNCH_DEMAND_FP,_T,Y15T49,_T,_T,_T,_T,MNCH_SRC_234,0,PCNT,,FAMILY_PLANNING,2007,65.4,,1,RP,F,,,,,,,EOF,
BGD,MNCH_DEMAND_FP,_T,Y15T49,_T,_T,_T,_T,MNCH_SRC_250,0,PCNT,,FAMILY_PLANNING,2019,77.4,,1,RP,F,,,,,,,EOF,
BGD,MNCH_DEMAND_FP,_T,Y15T49,_T,_T,_T,_T,MNCH_SRC_243,0,PCNT,,FAMILY_PLANNING,2014,72.5,,1,RP,F,,,,,,,EOF,
BGD,MNCH_DEMAND_FP,_T,Y15T49,_T,_T,_T,_T,MNCH_SRC_2728,0,PCNT,,FAMILY_PLANNING,2022,73.9,,1,RP,F,,,,,,,EOF,
BGD,MNCH_DEMAND_FP,_T,Y15T49,_T,_T,_T,_T,MNCH_SRC_247,0,PCNT,,FAMILY_PLANNING,2017,70.3,,1,RP,F,,,,,,,EOF,
BGD,MNCH_DEMAND_FP,_T,Y15T49,_T,_T,_T,_T,MNCH_SRC_230,0,PCNT,,FAMILY_PLANNING,2004,64.8,,1,RP,F,,,,,,,EOF,
BGD,MNCH_DEMAND_FP,_T,Y15T49,_T,_T,_T,_T,MNCH_SRC_238,0,PCNT,,FAMILY_PLANNING,2011,69.7,,1,RP,F,,,,,,,EOF,
THA,MNCH_DEMAND_FP,_T,Y15T49,_T,_T,_T,_T,MNCH_SRC_2067,0,PCNT,,FAMILY_PLANNING,2006,94.8,,1,RP,F,,,,,,,EOF,
THA,MNCH_DEMAND_FP,_T,Y15T49,_T,_T,_T,_T,MNCH_SRC_2072,0,PCNT,,FAMILY_PLANNING,2012,89.2,,1,RP,F,,,,,,,EOF,
THA,MNCH_DEMAND_FP,_T,Y15T49,_T,_T,_T,_T,MNCH_SRC_2074,0,PCNT,,FAMILY_PLANNING,2015,89.2,,1,RP,F,,,,,,,EOF,
THA,MNCH_DEMAND_FP,_T,Y15T49,_T,_T,_T,_T,MNCH_SRC_2076,0,PCNT,,FAMILY_PLANNING,2019,88.2,,1,RP,F,,,,,,,EOF,
DOM,MNCH_DEMAND_FP,_T,Y15T49,_T,_T,_T,_T,MNCH_SRC_746,0,PCNT,,FAMILY_PLANNING,2007,82.9,,1,RP,F,,,,,,,EOF,
DOM,MNCH_DEMAND_FP,_T,Y15T49,_T,_T,_T,_T,MNCH_SRC_758,0,PCNT,,FAMILY_PLANNING,2019,77.4,,1,RP,F,,,,,,,EOF,
DOM,MNCH_DEMAND_FP,_T,Y15T49,_T,_T,_T,_T,MNCH_SRC_754,0,PCNT,,FAMILY_PLANNING,2014,81.7,,1,RP,F,,,,,,,EOF,
DOM,MNCH_DEMAND_FP,_T,Y15T49,_T,_T,_T,_T,MNCH_SRC_752,0,PCNT,,FAMILY_PLANNING,2013,82.7,,1,RP,F,,,,,,,EOF,
KGZ,MNCH_DEMAND_FP,_T,Y15T19,_T,_T,_T,_T,MNCH_SRC_2910,0,PCNT,,FAMILY_PLANNING,2018,29.3,,1,RP,F,,,,,,"United Nations Department of Economic and Social Affairs, Population Division (2024). World Contraceptive Use 2024",EOF,
MAR,MNCH_DEMAND_FP,_T,Y15T19,_T,_T,_T,_T,MNCH_SRC_2909,0,PCNT,,FAMILY_PLANNING,2018,74.7,,1,RP,F,,,,,,"United Nations Department of Economic and Social Affairs, Population Division (2024). World Contraceptive Use 2024",EOF,
THA,MNCH_DEMAND_FP,_T,Y15T49,_T,_T,_T,_T,MNCH_SRC_2938,0,PCNT,,FAMILY_PLANNING,2022,87,,1,RP,F,,,,,,,EOF,
IDN,MNCH_DEMAND_FP,_T,Y15T49,_T,_T,_T,_T,MNCH_SRC_1048,0,PCNT,,FAMILY_PLANNING,2002,77.1,,1,RP,F,,,,,,,EOF,
IDN,MNCH_DEMAND_FP,_T,Y15T49,_T,_T,_T,_T,MNCH_SRC_1053,0,PCNT,,FAMILY_PLANNING,2012,79,,1,RP,F,,,,,,,EOF,
IDN,MNCH_DEMAND_FP,_T,Y15T49,_T,_T,_T,_T,MNCH_SRC_1051,0,PCNT,,FAMILY_PLANNING,2007,77,,1,RP,F,,,,,,,EOF,
IDN,MNCH_DEMAND_FP,_T,Y15T49,_T,_T,_T,_T,MNCH_SRC_1061,0,PCNT,,FAMILY_PLANNING,2017,77,,1,RP,F,,,,,,,EOF,
SUR,MNCH_DEMAND_FP,_T,Y15T49,_T,_T,_T,_T,MNCH_SRC_2044,0,PCNT,,FAMILY_PLANNING,2010,73.2,,1,RP,F,,,,,,,EOF,
BIH,MNCH_DEMAND_FP,_T,Y15T49,_T,_T,_T,_T,MNCH_SRC_331,0,PCNT,,FAMILY_PLANNING,2011,21.9,,1,RP,F,,,,,,,EOF,
HTI,MNCH_DEMAND_FP,_T,Y15T19,_T,_T,_T,_T,MNCH_SRC_2911,0,PCNT,,FAMILY_PLANNING,2017,30.5,,1,RP,F,,,,,,"United Nations Department of Economic and Social Affairs, Population Division (2024). World Contraceptive Use 2024",EOF,
SUR,MNCH_DEMAND_FP,_T,Y15T49,_T,_T,_T,_T,MNCH_SRC_2046,0,PCNT,,FAMILY_PLANNING,2018,57.5,,1,RP,F,,,,,,,EOF,
IDN,MNCH_DEMAND_FP,_T,Y15T49,_T,_T,_T,_T,MNCH_SRC_1057,0,PCNT,,FAMILY_PLANNING,2015,78.2,,1,RP,F,,,,,,,EOF,
IDN,MNCH_DEMAND_FP,_T,Y15T49,_T,_T,_T,_T,MNCH_SRC_3209,0,PCNT,,FAMILY_PLANNING,2016,77.6,,1,RP,F,,,,,,,EOF,
UNICEF_ECA,MNCH_DEMAND_FP,_T,Y15T49,_T,_T,_T,_T,MNCH_SRC_2918,0,PCNT,,FAMILY_PLANNING,2023,77.7,,1,RA,F,,,,,,,EOF,
COD,MNCH_DEMAND_FP,_T,Y15T49,_T,_T,_T,_T,MNCH_SRC_722,0,PCNT,,FAMILY_PLANNING,2017,33,,1,RP,F,,,,,,,EOF,
COD,MNCH_DEMAND_FP,_T,Y15T49,_T,_T,_T,_T,MNCH_SRC_714,0,PCNT,,FAMILY_PLANNING,2007,16.1,,1,RP,F,,,,,,,EOF,
COD,MNCH_DEMAND_FP,_T,Y15T49,_T,_T,_T,_T,MNCH_SRC_719,0,PCNT,,FAMILY_PLANNING,2013,18.9,,1,RP,F,,,,,,,EOF,
UNICEF_NA,MNCH_DEMAND_FP,_T,Y15T19,_T,_T,_T,_T,MNCH_SRC_2918,0,PCNT,,FAMILY_PLANNING,2023,83.4,,1,RA,F,,,,,,,EOF,
BOL,MNCH_DEMAND_FP,_T,Y15T19,_T,_T,_T,_T,MNCH_SRC_2911,0,PCNT,,FAMILY_PLANNING,2008,33.7,,1,RP,F,,,,,,"United Nations Department of Economic and Social Affairs, Population Division (2024). World Contraceptive Use 2024",EOF,
CUB,MNCH_DEMAND_FP,_T,Y15T19,_T,_T,_T,_T,MNCH_SRC_2909,0,PCNT,,FAMILY_PLANNING,2019,76,,1,RP,F,,,,,,"United Nations Department of Economic and Social Affairs, Population Division (2024). World Contraceptive Use 2024",EOF,
TLS,MNCH_DEMAND_FP,_T,Y15T49,_T,_T,_T,_T,MNCH_SRC_2085,0,PCNT,,FAMILY_PLANNING,2009,38.4,,1,RP,F,,,,,,,EOF,
TLS,MNCH_DEMAND_FP,_T,Y15T49,_T,_T,_T,_T,MNCH_SRC_2087,0,PCNT,,FAMILY_PLANNING,2016,45.9,,1,RP,F,,,,,,,EOF,
ZWE,MNCH_DEMAND_FP,_T,Y15T19,_T,_T,_T,_T,MNCH_SRC_2911,0,PCNT,,FAMILY_PLANNING,2015,76.8,,1,RP,F,,,,,,"United Nations Department of Economic and Social Affairs, Population Division (2024). World Contraceptive Use 2024",EOF,
UNICEF_EAP,MNCH_DEMAND_FP,_T,Y15T49,_T,_T,_T,_T,MNCH_SRC_2918,0,PCNT,,FAMILY_PLANNING,2023,86.1,,1,RA,F,,,,,,,EOF,
ALB,MNCH_DEMAND_FP,_T,Y15T19,_T,_T,_T,_T,MNCH_SRC_2911,0,PCNT,,FAMILY_PLANNING,2018,5.5,,1,RP,F,,,,,,"United Nations Department of Economic and Social Affairs, Population Division (2024). World Contraceptive Use 2024",EOF,
MWI,MNCH_DEMAND_FP,_T,Y15T49,_T,_T,_T,_T,MNCH_SRC_1330,0,PCNT,,FAMILY_PLANNING,2010,58.9,,1,RP,F,,,,,,,EOF,
MWI,MNCH_DEMAND_FP,_T,Y15T49,_T,_T,_T,_T,MNCH_SRC_1332,0,PCNT,,FAMILY_PLANNING,2013,72,,1,RP,F,,,,,,,EOF,
MWI,MNCH_DEMAND_FP,_T,Y15T49,_T,_T,_T,_T,MNCH_SRC_1336,0,PCNT,,FAMILY_PLANNING,2019,77.3,,1,RP,F,,,,,,,EOF,
MWI,MNCH_DEMAND_FP,_T,Y15T49,_T,_T,_T,_T,MNCH_SRC_1334,0,PCNT,,FAMILY_PLANNING,2015,73.9,,1,RP,F,,,,,,,EOF,
CMR,MNCH_DEMAND_FP,_T,Y15T49,_T,_T,_T,_T,MNCH_SRC_456,0,PCNT,,FAMILY_PLANNING,2018,44.9,,1,RP,F,,,,,,,EOF,
CMR,MNCH_DEMAND_FP,_T,Y15T49,_T,_T,_T,_T,MNCH_SRC_448,0,PCNT,,FAMILY_PLANNING,2004,33.6,,1,RP,F,,,,,,,EOF,
CMR,MNCH_DEMAND_FP,_T,Y15T49,_T,_T,_T,_T,MNCH_SRC_451,0,PCNT,,FAMILY_PLANNING,2011,39.2,,1,RP,F,,,,,,,EOF,
CMR,MNCH_DEMAND_FP,_T,Y15T49,_T,_T,_T,_T,MNCH_SRC_453,0,PCNT,,FAMILY_PLANNING,2014,47,,1,RP,F,,,,,,,EOF,
GUY,MNCH_DEMAND_FP,_T,Y15T49,_T,_T,_T,_T,MNCH_SRC_2596,0,PCNT,,FAMILY_PLANNING,2019,46.6,,1,RP,F,,,,,,,EOF,
GUY,MNCH_DEMAND_FP,_T,Y15T49,_T,_T,_T,_T,MNCH_SRC_999,0,PCNT,,FAMILY_PLANNING,2009,60.2,,1,RP,F,,,,,,,EOF,
GUY,MNCH_DEMAND_FP,_T,Y15T49,_T,_T,_T,_T,MNCH_SRC_1001,0,PCNT,,FAMILY_PLANNING,2014,51.5,,1,RP,F,,,,,,,EOF,
MWI,MNCH_DEMAND_FP,_T,Y15T49,_T,_T,_T,_T,MNCH_SRC_1325,0,PCNT,,FAMILY_PLANNING,2000,43.8,,1,RP,F,,,,,,,EOF,
MWI,MNCH_DEMAND_FP,_T,Y15T49,_T,_T,_T,_T,MNCH_SRC_1327,0,PCNT,,FAMILY_PLANNING,2004,44.7,,1,RP,F,,,,,,,EOF,
LBR,MNCH_DEMAND_FP,_T,Y15T49,_T,_T,_T,_T,MNCH_SRC_1291,0,PCNT,,FAMILY_PLANNING,2006,25.8,,1,RP,F,,,,,,,EOF,
LBR,MNCH_DEMAND_FP,_T,Y15T49,_T,_T,_T,_T,MNCH_SRC_1293,0,PCNT,,FAMILY_PLANNING,2013,41.4,,1,RP,F,,,,,,,EOF,
LBR,MNCH_DEMAND_FP,_T,Y15T49,_T,_T,_T,_T,MNCH_SRC_1296,0,PCNT,,FAMILY_PLANNING,2019,47.5,,1,RP,F,,,,,,,EOF,
DOM,MNCH_DEMAND_FP,_T,Y15T49,_T,_T,_T,_T,MNCH_SRC_743,0,PCNT,,FAMILY_PLANNING,2002,80,,1,RP,F,,,,,,,EOF,
AU_CENTRAL_AFRICA,MNCH_DEMAND_FP,_T,Y15T49,_T,_T,_T,_T,MNCH_SRC_2918,0,PCNT,,FAMILY_PLANNING,2023,38.5,,1,RA,F,,,,,,,EOF,
AFG,MNCH_DEMAND_FP,_T,Y15T19,_T,_T,_T,_T,MNCH_SRC_2911,0,PCNT,,FAMILY_PLANNING,2016,20.8,,1,RP,F,,,,,,"United Nations Department of Economic and Social Affairs, Population Division (2024). World Contraceptive Use 2024",EOF,
AU_EASTERN_AFRICA,MNCH_DEMAND_FP,_T,Y15T49,_T,_T,_T,_T,MNCH_SRC_2918,0,PCNT,,FAMILY_PLANNING,2023,61.1,,1,RA,F,,,,,,,EOF,
CPV,MNCH_DEMAND_FP,_T,Y15T49,_T,_T,_T,_T,MNCH_SRC_424,0,PCNT,,FAMILY_PLANNING,2005,73.2,,1,RP,F,,,,,,,EOF,
PER,MNCH_DEMAND_FP,_T,Y15T49,_T,_T,_T,_T,MNCH_SRC_1763,0,PCNT,,FAMILY_PLANNING,2009,60.1,,1,RP,F,,,,,,,EOF,
PER,MNCH_DEMAND_FP,_T,Y15T49,_T,_T,_T,_T,MNCH_SRC_1758,0,PCNT,,FAMILY_PLANNING,2004,57.6,,1,RP,F,,,,,,,EOF,
PER,MNCH_DEMAND_FP,_T,Y15T49,_T,_T,_T,_T,MNCH_SRC_1771,0,PCNT,,FAMILY_PLANNING,2013,61.8,,1,RP,F,,,,,,,EOF,
PER,MNCH_DEMAND_FP,_T,Y15T49,_T,_T,_T,_T,MNCH_SRC_1773,0,PCNT,,FAMILY_PLANNING,2014,62.7,,1,RP,F,,,,,,,EOF,
PER,MNCH_DEMAND_FP,_T,Y15T49,_T,_T,_T,_T,MNCH_SRC_1765,0,PCNT,,FAMILY_PLANNING,2010,60.6,,1,RP,F,,,,,,,EOF,
PER,MNCH_DEMAND_FP,_T,Y15T49,_T,_T,_T,_T,MNCH_SRC_1767,0,PCNT,,FAMILY_PLANNING,2011,61.4,,1,RP,F,,,,,,,EOF,
PER,MNCH_DEMAND_FP,_T,Y15T49,_T,_T,_T,_T,MNCH_SRC_1769,0,PCNT,,FAMILY_PLANNING,2012,62.1,,1,RP,F,,,,,,,EOF,
PER,MNCH_DEMAND_FP,_T,Y15T49,_T,_T,_T,_T,MNCH_SRC_1760,0,PCNT,,FAMILY_PLANNING,2007,58.4,,1,RP,F,,,,,,,EOF,
PER,MNCH_DEMAND_FP,_T,Y15T49,_T,_T,_T,_T,MNCH_SRC_1775,0,PCNT,,FAMILY_PLANNING,2015,65.7,,1,RP,F,,,,,,,EOF,
PER,MNCH_DEMAND_FP,_T,Y15T49,_T,_T,_T,_T,MNCH_SRC_1781,0,PCNT,,FAMILY_PLANNING,2018,66.6,,1,RP,F,,,,,,,EOF,
PER,MNCH_DEMAND_FP,_T,Y15T49,_T,_T,_T,_T,MNCH_SRC_1785,0,PCNT,,FAMILY_PLANNING,2020,65.9,,1,RP,F,,,,,,,EOF,
PER,MNCH_DEMAND_FP,_T,Y15T49,_T,_T,_T,_T,MNCH_SRC_2863,0,PCNT,,FAMILY_PLANNING,2021,68.2,,1,RP,F,,,,,,,EOF,
STP,MNCH_DEMAND_FP,_T,Y15T49,_T,_T,_T,_T,MNCH_SRC_1903,0,PCNT,,FAMILY_PLANNING,2019,57.7,,1,RP,F,,,,,,,EOF,
STP,MNCH_DEMAND_FP,_T,Y15T49,_T,_T,_T,_T,MNCH_SRC_1901,0,PCNT,,FAMILY_PLANNING,2014,52.2,,1,RP,F,,,,,,,EOF,
STP,MNCH_DEMAND_FP,_T,Y15T49,_T,_T,_T,_T,MNCH_SRC_1899,0,PCNT,,FAMILY_PLANNING,2008,47,,1,RP,F,,,,,,,EOF,
JOR,MNCH_DEMAND_FP,_T,Y15T19,_T,_T,_T,_T,MNCH_SRC_2909,0,PCNT,,FAMILY_PLANNING,2023,42.2,,1,RP,F,,,,,,"United Nations Department of Economic and Social Affairs, Population Division (2024). World Contraceptive Use 2024",EOF,
SSD,MNCH_DEMAND_FP,_T,Y15T19,_T,_T,_T,_T,MNCH_SRC_2909,0,PCNT,,FAMILY_PLANNING,2010,3.5,,1,RP,F,,,,,,"United Nations Department of Economic and Social Affairs, Population Division (2024). World Contraceptive Use 2024",EOF,
PER,MNCH_DEMAND_FP,_T,Y15T49,_T,_T,_T,_T,MNCH_SRC_3110,0,PCNT,,FAMILY_PLANNING,2023,67.2,,1,RP,F,,,,,,,EOF,
PER,MNCH_DEMAND_FP,_T,Y15T49,_T,_T,_T,_T,MNCH_SRC_1778,0,PCNT,,FAMILY_PLANNING,2016,66.1,,1,RP,F,,,,,,,EOF,
PER,MNCH_DEMAND_FP,_T,Y15T49,_T,_T,_T,_T,MNCH_SRC_1780,0,PCNT,,FAMILY_PLANNING,2017,66.5,,1,RP,F,,,,,,,EOF,
PER,MNCH_DEMAND_FP,_T,Y15T49,_T,_T,_T,_T,MNCH_SRC_1782,0,PCNT,,FAMILY_PLANNING,2019,67.8,,1,RP,F,,,,,,,EOF,
PER,MNCH_DEMAND_FP,_T,Y15T49,_T,_T,_T,_T,MNCH_SRC_3109,0,PCNT,,FAMILY_PLANNING,2022,67.5,,1,RP,F,,,,,,,EOF,
GMB,MNCH_DEMAND_FP,_T,Y15T19,_T,_T,_T,_T,MNCH_SRC_2911,0,PCNT,,FAMILY_PLANNING,2020,13,,1,RP,F,,,,,,"United Nations Department of Economic and Social Affairs, Population Division (2024). World Contraceptive Use 2024",EOF,
PER,MNCH_DEMAND_FP,_T,Y15T49,_T,_T,_T,_T,MNCH_SRC_1752,0,PCNT,,FAMILY_PLANNING,2000,60.1,,1,RP,F,,,,,,,EOF,
ROU,MNCH_DEMAND_FP,_T,Y15T49,_T,_T,_T,_T,MNCH_SRC_1861,0,PCNT,,FAMILY_PLANNING,2004,46.5,,1,RP,F,,,,,,,EOF,
SOM,MNCH_DEMAND_FP,_T,Y15T19,_T,_T,_T,_T,MNCH_SRC_2909,0,PCNT,,FAMILY_PLANNING,2019,1.2,,1,RP,F,,,,,,"United Nations Department of Economic and Social Affairs, Population Division (2024). World Contraceptive Use 2024",EOF,
NER,MNCH_DEMAND_FP,_T,Y15T49,_T,_T,_T,_T,MNCH_SRC_1583,0,PCNT,,FAMILY_PLANNING,2012,40.9,,1,RP,F,,,,,,,EOF,
NER,MNCH_DEMAND_FP,_T,Y15T49,_T,_T,_T,_T,MNCH_SRC_1579,0,PCNT,,FAMILY_PLANNING,2006,35.9,,1,RP,F,,,,,,,EOF,
MMR,MNCH_DEMAND_FP,_T,Y15T19,_T,_T,_T,_T,MNCH_SRC_2911,0,PCNT,,FAMILY_PLANNING,2016,73,,1,RP,F,,,,,,"United Nations Department of Economic and Social Affairs, Population Division (2024). World Contraceptive Use 2024",EOF,
COG,MNCH_DEMAND_FP,_T,Y15T49,_T,_T,_T,_T,MNCH_SRC_574,0,PCNT,,FAMILY_PLANNING,2014,43.2,,1,RP,F,,,,,,,EOF,
COG,MNCH_DEMAND_FP,_T,Y15T49,_T,_T,_T,_T,MNCH_SRC_568,0,PCNT,,FAMILY_PLANNING,2005,22.9,,1,RP,F,,,,,,,EOF,
COG,MNCH_DEMAND_FP,_T,Y15T49,_T,_T,_T,_T,MNCH_SRC_571,0,PCNT,,FAMILY_PLANNING,2011,38,,1,RP,F,,,,,,,EOF,
LCA,MNCH_DEMAND_FP,_T,Y15T49,_T,_T,_T,_T,MNCH_SRC_1887,0,PCNT,,FAMILY_PLANNING,2011,72.4,,1,RP,F,,,,,,,EOF,
UNICEF_SA,MNCH_DEMAND_FP,_T,Y15T19,_T,_T,_T,_T,MNCH_SRC_2918,0,PCNT,,FAMILY_PLANNING,2023,44.1,,1,RA,F,,,,,,,EOF,
AUREC_ECOWAS,MNCH_DEMAND_FP,_T,Y15T49,_T,_T,_T,_T,MNCH_SRC_2918,0,PCNT,,FAMILY_PLANNING,2023,46.6,,1,RA,F,,,,,,,EOF,
SDN,MNCH_DEMAND_FP,_T,Y15T49,_T,_T,_T,_T,MNCH_SRC_2039,0,PCNT,,FAMILY_PLANNING,2014,30.2,,1,RP,F,,,,,,,EOF,
SDN,MNCH_DEMAND_FP,_T,Y15T49,_T,_T,_T,_T,MNCH_SRC_2037,0,PCNT,,FAMILY_PLANNING,2010,22.4,,1,RP,F,,,,,,,EOF,
PAN,MNCH_DEMAND_FP,_T,Y15T49,_T,_T,_T,_T,MNCH_SRC_1713,0,PCNT,,FAMILY_PLANNING,2014,65.2,,1,RP,F,,,,,,,EOF,
PAN,MNCH_DEMAND_FP,_T,Y15T49,_T,_T,_T,_T,MNCH_SRC_1709,0,PCNT,,FAMILY_PLANNING,2013,73.3,,1,RP,F,,,,,,,EOF,
SLV,MNCH_DEMAND_FP,_T,Y15T49,_T,_T,_T,_T,MNCH_SRC_787,0,PCNT,,FAMILY_PLANNING,2014,80,,1,RP,F,,,,,,,EOF,
SLV,MNCH_DEMAND_FP,_T,Y15T49,_T,_T,_T,_T,MNCH_SRC_783,0,PCNT,,FAMILY_PLANNING,2008,72.9,,1,RP,F,,,,,,,EOF,
TUV,MNCH_DEMAND_FP,_T,Y15T49,_T,_T,_T,_T,MNCH_SRC_2528,0,PCNT,,FAMILY_PLANNING,2019,46.2,,1,RP,F,,,,,,,EOF,
TUV,MNCH_DEMAND_FP,_T,Y15T49,_T,_T,_T,_T,MNCH_SRC_2138,0,PCNT,,FAMILY_PLANNING,2007,41,,1,RP,F,,,,,,,EOF,
CIV,MNCH_DEMAND_FP,_T,Y15T49,_T,_T,_T,_T,MNCH_SRC_619,0,PCNT,,FAMILY_PLANNING,2011,32.2,,1,RP,F,,,,,,,EOF,
CIV,MNCH_DEMAND_FP,_T,Y15T49,_T,_T,_T,_T,MNCH_SRC_622,0,PCNT,,FAMILY_PLANNING,2016,31.1,,1,RP,F,,,,,,,EOF,
CIV,MNCH_DEMAND_FP,_T,Y15T49,_T,_T,_T,_T,MNCH_SRC_624,0,PCNT,,FAMILY_PLANNING,2017,42.1,,1,RP,F,,,,,,,EOF,
CIV,MNCH_DEMAND_FP,_T,Y15T49,_T,_T,_T,_T,MNCH_SRC_625,0,PCNT,,FAMILY_PLANNING,2018,43.5,,1,RP,F,,,,,,,EOF,
CIV,MNCH_DEMAND_FP,_T,Y15T49,_T,_T,_T,_T,MNCH_SRC_626,0,PCNT,,FAMILY_PLANNING,2020,46.1,,1,RP,F,,,,,,,EOF,
CIV,MNCH_DEMAND_FP,_T,Y15T49,_T,_T,_T,_T,MNCH_SRC_2779,0,PCNT,,FAMILY_PLANNING,2021,46.5,,1,RP,F,,,,,,,EOF,
CIV,MNCH_DEMAND_FP,_T,Y15T49,_T,_T,_T,_T,MNCH_SRC_3032,0,PCNT,,FAMILY_PLANNING,2022,52,,1,RP,F,,,,,,,EOF,
SLV,MNCH_DEMAND_FP,_T,Y15T49,_T,_T,_T,_T,MNCH_SRC_779,0,PCNT,,FAMILY_PLANNING,2002,80.1,,1,RP,F,,,,,,,EOF,
SLV,MNCH_DEMAND_FP,_T,Y15T49,_T,_T,_T,_T,MNCH_SRC_3039,0,PCNT,,FAMILY_PLANNING,2021,73.1,,1,RP,F,,,,,,,EOF,
MDV,MNCH_DEMAND_FP,_T,Y15T49,_T,_T,_T,_T,MNCH_SRC_1368,0,PCNT,,FAMILY_PLANNING,2009,42.7,,1,RP,F,,,,,,,EOF,
MDV,MNCH_DEMAND_FP,_T,Y15T49,_T,_T,_T,_T,MNCH_SRC_1374,0,PCNT,,FAMILY_PLANNING,2016,29.2,,1,RP,F,,,,,,,EOF,
NAM,MNCH_DEMAND_FP,_T,Y15T19,_T,_T,_T,_T,MNCH_SRC_2911,0,PCNT,,FAMILY_PLANNING,2013,46.7,,1,RP,F,,,,,,"United Nations Department of Economic and Social Affairs, Population Division (2024). World Contraceptive Use 2024",EOF,
MEX,MNCH_DEMAND_FP,_T,Y15T19,_T,_T,_T,_T,MNCH_SRC_2909,0,PCNT,,FAMILY_PLANNING,2018,62.6,,1,RP,F,,,,,,"United Nations Department of Economic and Social Affairs, Population Division (2024). World Contraceptive Use 2024",EOF,
KEN,MNCH_DEMAND_FP,_T,Y15T19,_T,_T,_T,_T,MNCH_SRC_2911,0,PCNT,,FAMILY_PLANNING,2022,67,,1,RP,F,,,,,,"United Nations Department of Economic and Social Affairs, Population Division (2024). World Contraceptive Use 2024",EOF,
SAU,MNCH_DEMAND_FP,_T,Y15T49,_T,_T,_T,_T,MNCH_SRC_3124,0,PCNT,,FAMILY_PLANNING,2023,53.6,,1,RP,F,,,,,,,EOF,
LAO,MNCH_DEMAND_FP,_T,Y15T19,_T,_T,_T,_T,MNCH_SRC_2910,0,PCNT,,FAMILY_PLANNING,2017,59.8,,1,RP,F,,,,,,"United Nations Department of Economic and Social Affairs, Population Division (2024). World Contraceptive Use 2024",EOF,
WSM,MNCH_DEMAND_FP,_T,Y15T19,_T,_T,_T,_T,MNCH_SRC_2909,0,PCNT,,FAMILY_PLANNING,2020,7.6,,1,RP,F,,,,,,"United Nations Department of Economic and Social Affairs, Population Division (2024). World Contraceptive Use 2024",EOF,
LSO,MNCH_DEMAND_FP,_T,Y15T19,_T,_T,_T,_T,MNCH_SRC_2910,0,PCNT,,FAMILY_PLANNING,2018,60.1,,1,RP,F,,,,,,"United Nations Department of Economic and Social Affairs, Population Division (2024). World Contraceptive Use 2024",EOF,
CHN,MNCH_DEMAND_FP,_T,Y15T49,_T,_T,_T,_T,MNCH_SRC_510,0,PCNT,,FAMILY_PLANNING,2001,96.6,,1,RP,F,,,,,,,EOF,
AUREC_COMESA,MNCH_DEMAND_FP,_T,Y15T19,_T,_T,_T,_T,MNCH_SRC_2918,0,PCNT,,FAMILY_PLANNING,2023,56.6,,1,RA,F,,,,,,,EOF,
USA,MNCH_DEMAND_FP,_T,Y15T49,_T,_T,_T,_T,MNCH_SRC_3218,0,PCNT,,FAMILY_PLANNING,2006,86.4,,1,RP,F,,,,,,,EOF,
USA,MNCH_DEMAND_FP,_T,Y15T49,_T,_T,_T,_T,MNCH_SRC_2193,0,PCNT,,FAMILY_PLANNING,2013,77.2,,1,RP,F,,,,,,,EOF,
USA,MNCH_DEMAND_FP,_T,Y15T49,_T,_T,_T,_T,MNCH_SRC_2198,0,PCNT,,FAMILY_PLANNING,2017,78.4,,1,RP,F,,,,,,,EOF,
USA,MNCH_DEMAND_FP,_T,Y15T49,_T,_T,_T,_T,MNCH_SRC_2179,0,PCNT,,FAMILY_PLANNING,2002,86.1,,1,RP,F,,,,,,,EOF,
PHL,MNCH_DEMAND_FP,_T,Y15T49,_T,_T,_T,_T,MNCH_SRC_1787,0,PCNT,,FAMILY_PLANNING,2003,46.5,,1,RP,F,,,,,,,EOF,
PHL,MNCH_DEMAND_FP,_T,Y15T49,_T,_T,_T,_T,MNCH_SRC_1794,0,PCNT,,FAMILY_PLANNING,2013,51.1,,1,RP,F,,,,,,,EOF,
PHL,MNCH_DEMAND_FP,_T,Y15T49,_T,_T,_T,_T,MNCH_SRC_1789,0,PCNT,,FAMILY_PLANNING,2008,46.5,,1,RP,F,,,,,,,EOF,
PHL,MNCH_DEMAND_FP,_T,Y15T49,_T,_T,_T,_T,MNCH_SRC_1796,0,PCNT,,FAMILY_PLANNING,2017,56,,1,RP,F,,,,,,,EOF,
JAM,MNCH_DEMAND_FP,_T,Y15T49,_T,_T,_T,_T,MNCH_SRC_3073,0,PCNT,,FAMILY_PLANNING,2021,78.7,,1,RP,F,,,,,,,EOF,
JAM,MNCH_DEMAND_FP,_T,Y15T49,_T,_T,_T,_T,MNCH_SRC_1144,0,PCNT,,FAMILY_PLANNING,2008,82.9,,1,RP,F,,,,,,,EOF,
JAM,MNCH_DEMAND_FP,_T,Y15T49,_T,_T,_T,_T,MNCH_SRC_1141,0,PCNT,,FAMILY_PLANNING,2002,82,,1,RP,F,,,,,,,EOF,
PHL,MNCH_DEMAND_FP,_T,Y15T49,_T,_T,_T,_T,MNCH_SRC_1792,0,PCNT,,FAMILY_PLANNING,2011,54,,1,RP,F,,,,,,,EOF,
PHL,MNCH_DEMAND_FP,_T,Y15T49,_T,_T,_T,_T,MNCH_SRC_3117,0,PCNT,,FAMILY_PLANNING,2022,58.2,,1,RP,F,,,,,,,EOF,
AUREC_ECCAS,MNCH_DEMAND_FP,_T,Y15T49,_T,_T,_T,_T,MNCH_SRC_2918,0,PCNT,,FAMILY_PLANNING,2023,41,,1,RA,F,,,,,,,EOF,
COM,MNCH_DEMAND_FP,_T,Y15T49,_T,_T,_T,_T,MNCH_SRC_3030,0,PCNT,,FAMILY_PLANNING,2022,17.2,,1,RP,F,,,,,,,EOF,
AUREC_CEN_SAD,MNCH_DEMAND_FP,_T,Y15T19,_T,_T,_T,_T,MNCH_SRC_2918,0,PCNT,,FAMILY_PLANNING,2023,31.4,,1,RA,F,,,,,,,EOF,
GEO,MNCH_DEMAND_FP,_T,Y15T49,_T,_T,_T,_T,MNCH_SRC_915,0,PCNT,,FAMILY_PLANNING,2010,52.8,,1,RP,F,,,,,,,EOF,
GEO,MNCH_DEMAND_FP,_T,Y15T49,_T,_T,_T,_T,MNCH_SRC_931,0,PCNT,,FAMILY_PLANNING,2018,51.3,,1,RP,F,,,,,,,EOF,
GEO,MNCH_DEMAND_FP,_T,Y15T49,_T,_T,_T,_T,MNCH_SRC_910,0,PCNT,,FAMILY_PLANNING,2005,41.8,,1,RP,F,,,,,,,EOF,
COM,MNCH_DEMAND_FP,_T,Y15T49,_T,_T,_T,_T,MNCH_SRC_566,0,PCNT,,FAMILY_PLANNING,2012,28.8,,1,RP,F,,,,,,,EOF,
BEN,MNCH_DEMAND_FP,_T,Y15T19,_T,_T,_T,_T,MNCH_SRC_2909,0,PCNT,,FAMILY_PLANNING,2022,20.9,,1,RP,F,,,,,,"United Nations Department of Economic and Social Affairs, Population Division (2024). World Contraceptive Use 2024",EOF,
GHA,MNCH_DEMAND_FP,_T,Y15T49,_T,_T,_T,_T,MNCH_SRC_940,0,PCNT,,FAMILY_PLANNING,2003,33.8,,1,RP,F,,,,,,,EOF,
GHA,MNCH_DEMAND_FP,_T,Y15T49,_T,_T,_T,_T,MNCH_SRC_950,0,PCNT,,FAMILY_PLANNING,2014,41.2,,1,RP,F,,,,,,,EOF,
GHA,MNCH_DEMAND_FP,_T,Y15T49,_T,_T,_T,_T,MNCH_SRC_947,0,PCNT,,FAMILY_PLANNING,2011,40.8,,1,RP,F,,,,,,,EOF,
GHA,MNCH_DEMAND_FP,_T,Y15T49,_T,_T,_T,_T,MNCH_SRC_945,0,PCNT,,FAMILY_PLANNING,2008,31,,1,RP,F,,,,,,,EOF,
GHA,MNCH_DEMAND_FP,_T,Y15T49,_T,_T,_T,_T,MNCH_SRC_2804,0,PCNT,,FAMILY_PLANNING,2022,49,,1,RP,F,,,,,,,EOF,
SSD,MNCH_DEMAND_FP,_T,Y15T49,_T,_T,_T,_T,MNCH_SRC_2007,0,PCNT,,FAMILY_PLANNING,2010,5.6,,1,RP,F,,,,,,,EOF,
DZA,MNCH_DEMAND_FP,_T,Y15T19,_T,_T,_T,_T,MNCH_SRC_2909,0,PCNT,,FAMILY_PLANNING,2019,56.6,,1,RP,F,,,,,,"United Nations Department of Economic and Social Affairs, Population Division (2024). World Contraceptive Use 2024",EOF,
ERI,MNCH_DEMAND_FP,_T,Y15T49,_T,_T,_T,_T,MNCH_SRC_800,0,PCNT,,FAMILY_PLANNING,2010,21,,1,RP,F,,,,,,,EOF,
CRI,MNCH_DEMAND_FP,_T,Y15T49,_T,_T,_T,_T,MNCH_SRC_3204,0,PCNT,,FAMILY_PLANNING,2010,85.1,,1,RP,F,,,,,,,EOF,
CRI,MNCH_DEMAND_FP,_T,Y15T49,_T,_T,_T,_T,MNCH_SRC_598,0,PCNT,,FAMILY_PLANNING,2011,89.1,,1,RP,F,,,,,,,EOF,
CRI,MNCH_DEMAND_FP,_T,Y15T49,_T,_T,_T,_T,MNCH_SRC_610,0,PCNT,,FAMILY_PLANNING,2018,80.8,,1,RP,F,,,,,,,EOF,
MDA,MNCH_DEMAND_FP,_T,Y15T49,_T,_T,_T,_T,MNCH_SRC_1854,0,PCNT,,FAMILY_PLANNING,2012,60.4,,1,RP,F,,,,,,,EOF,
MDA,MNCH_DEMAND_FP,_T,Y15T49,_T,_T,_T,_T,MNCH_SRC_1849,0,PCNT,,FAMILY_PLANNING,2005,56.1,,1,RP,F,,,,,,,EOF,
MDA,MNCH_DEMAND_FP,_T,Y15T49,_T,_T,_T,_T,MNCH_SRC_1858,0,PCNT,,FAMILY_PLANNING,2020,59.5,,1,RP,F,,,,,,,EOF,
CAF,MNCH_DEMAND_FP,_T,Y15T49,_T,_T,_T,_T,MNCH_SRC_470,0,PCNT,,FAMILY_PLANNING,2010,28.7,,1,RP,F,,,,,,,EOF,
CAF,MNCH_DEMAND_FP,_T,Y15T49,_T,_T,_T,_T,MNCH_SRC_471,0,PCNT,,FAMILY_PLANNING,2019,27.6,,1,RP,F,,,,,,,EOF,
ERI,MNCH_DEMAND_FP,_T,Y15T49,_T,_T,_T,_T,MNCH_SRC_795,0,PCNT,,FAMILY_PLANNING,2002,20.9,,1,RP,F,,,,,,,EOF,
AU_EASTERN_AFRICA,MNCH_DEMAND_FP,_T,Y15T19,_T,_T,_T,_T,MNCH_SRC_2918,0,PCNT,,FAMILY_PLANNING,2023,55.8,,1,RA,F,,,,,,,EOF,
CPV,MNCH_DEMAND_FP,_T,Y15T19,_T,_T,_T,_T,MNCH_SRC_2909,0,PCNT,,FAMILY_PLANNING,2005,68.3,,1,RP,F,,,,,,"United Nations Department of Economic and Social Affairs, Population Division (2024). World Contraceptive Use 2024",EOF,
BRB,MNCH_DEMAND_FP,_T,Y15T19,_T,_T,_T,_T,MNCH_SRC_2909,0,PCNT,,FAMILY_PLANNING,2012,55.9,,1,RP,F,,,,,,"United Nations Department of Economic and Social Affairs, Population Division (2024). World Contraceptive Use 2024",EOF,
KHM,MNCH_DEMAND_FP,_T,Y15T49,_T,_T,_T,_T,MNCH_SRC_442,0,PCNT,,FAMILY_PLANNING,2010,51.6,,1,RP,F,,,,,,,EOF,
KHM,MNCH_DEMAND_FP,_T,Y15T49,_T,_T,_T,_T,MNCH_SRC_444,0,PCNT,,FAMILY_PLANNING,2014,56.5,,1,RP,F,,,,,,,EOF,
KHM,MNCH_DEMAND_FP,_T,Y15T49,_T,_T,_T,_T,MNCH_SRC_2756,0,PCNT,,FAMILY_PLANNING,2021,59.5,,1,RP,F,,,,,,,EOF,
KHM,MNCH_DEMAND_FP,_T,Y15T49,_T,_T,_T,_T,MNCH_SRC_439,0,PCNT,,FAMILY_PLANNING,2005,41.6,,1,RP,F,,,,,,,EOF,
GHA,MNCH_DEMAND_FP,_T,Y15T49,_T,_T,_T,_T,MNCH_SRC_958,0,PCNT,,FAMILY_PLANNING,2017,40.4,,1,RP,F,,,,,,,EOF,
GHA,MNCH_DEMAND_FP,_T,Y15T49,_T,_T,_T,_T,MNCH_SRC_953,0,PCNT,,FAMILY_PLANNING,2016,43.8,,1,RP,F,,,,,,,EOF,
GHA,MNCH_DEMAND_FP,_T,Y15T49,_T,_T,_T,_T,MNCH_SRC_949,0,PCNT,,FAMILY_PLANNING,2013,31,,1,RP,F,,,,,,,EOF,
GHA,MNCH_DEMAND_FP,_T,Y15T49,_T,_T,_T,_T,MNCH_SRC_952,0,PCNT,,FAMILY_PLANNING,2015,46.2,,1,RP,F,,,,,,,EOF,
PNG,MNCH_DEMAND_FP,_T,Y15T19,_T,_T,_T,_T,MNCH_SRC_2911,0,PCNT,,FAMILY_PLANNING,2018,32.6,,1,RP,F,,,,,,"United Nations Department of Economic and Social Affairs, Population Division (2024). World Contraceptive Use 2024",EOF,
FRA,MNCH_DEMAND_FP,_T,Y15T49,_T,_T,_T,_T,MNCH_SRC_865,0,PCNT,,FAMILY_PLANNING,2004,95.5,,1,RP,F,,,,,,,EOF,
SDGRC_ECA_ALL,MNCH_DEMAND_FP,_T,Y15T49,_T,_T,_T,_T,MNCH_SRC_2918,0,PCNT,,FAMILY_PLANNING,2023,59.2,,1,RA,F,,,,,,,EOF,
NER,MNCH_DEMAND_FP,_T,Y15T49,_T,_T,_T,_T,MNCH_SRC_1589,0,PCNT,,FAMILY_PLANNING,2016,37.5,,1,RP,F,,,,,,,EOF,
NER,MNCH_DEMAND_FP,_T,Y15T49,_T,_T,_T,_T,MNCH_SRC_1592,0,PCNT,,FAMILY_PLANNING,2017,44.1,,1,RP,F,,,,,,,EOF,
SYR,MNCH_DEMAND_FP,_T,Y15T49,_T,_T,_T,_T,MNCH_SRC_2053,0,PCNT,,FAMILY_PLANNING,2009,53.3,,1,RP,F,,,,,,,EOF,
NER,MNCH_DEMAND_FP,_T,Y15T49,_T,_T,_T,_T,MNCH_SRC_1596,0,PCNT,,FAMILY_PLANNING,2020,36.9,,1,RP,F,,,,,,,EOF,
NER,MNCH_DEMAND_FP,_T,Y15T49,_T,_T,_T,_T,MNCH_SRC_3100,0,PCNT,,FAMILY_PLANNING,2022,38.2,,1,RP,F,,,,,,,EOF,
KHM,MNCH_DEMAND_FP,_T,Y15T49,_T,_T,_T,_T,MNCH_SRC_435,0,PCNT,,FAMILY_PLANNING,2000,33.1,,1,RP,F,,,,,,,EOF,
BRB,MNCH_DEMAND_FP,_T,Y15T49,_T,_T,_T,_T,MNCH_SRC_254,0,PCNT,,FAMILY_PLANNING,2012,70,,1,RP,F,,,,,,,EOF,
UNICEF_ECA,MNCH_DEMAND_FP,_T,Y15T19,_T,_T,_T,_T,MNCH_SRC_2918,0,PCNT,,FAMILY_PLANNING,2023,64.4,,1,RA,F,,,,,,,EOF,
MDG,MNCH_DEMAND_FP,_T,Y15T19,_T,_T,_T,_T,MNCH_SRC_2911,0,PCNT,,FAMILY_PLANNING,2021,67.3,,1,RP,F,,,,,,"United Nations Department of Economic and Social Affairs, Population Division (2024). World Contraceptive Use 2024",EOF,
AUREC_SADC,MNCH_DEMAND_FP,_T,Y15T19,_T,_T,_T,_T,MNCH_SRC_2918,0,PCNT,,FAMILY_PLANNING,2023,46.4,,1,RA,F,,,,,,,EOF,
SUR,MNCH_DEMAND_FP,_T,Y15T19,_T,_T,_T,_T,MNCH_SRC_2910,0,PCNT,,FAMILY_PLANNING,2018,28.1,,1,RP,F,,,,,,"United Nations Department of Economic and Social Affairs, Population Division (2024). World Contraceptive Use 2024",EOF,
ETH,MNCH_DEMAND_FP,_T,Y15T19,_T,_T,_T,_T,MNCH_SRC_2912,0,PCNT,,FAMILY_PLANNING,2022,54,,1,RP,F,,,,,,"United Nations Department of Economic and Social Affairs, Population Division (2024). World Contraceptive Use 2024",EOF,
MHL,MNCH_DEMAND_FP,_T,Y15T19,_T,_T,_T,_T,MNCH_SRC_2909,0,PCNT,,FAMILY_PLANNING,2007,39.8,,1,RP,F,,,,,,"United Nations Department of Economic and Social Affairs, Population Division (2024). World Contraceptive Use 2024",EOF,
BGD,MNCH_DEMAND_FP,_T,Y15T19,_T,_T,_T,_T,MNCH_SRC_2909,0,PCNT,,FAMILY_PLANNING,2022,72.2,,1,RP,F,,,,,,"United Nations Department of Economic and Social Affairs, Population Division (2024). World Contraceptive Use 2024",EOF,
AZE,MNCH_DEMAND_FP,_T,Y15T19,_T,_T,_T,_T,MNCH_SRC_2911,0,PCNT,,FAMILY_PLANNING,2006,13.3,,1,RP,F,,,,,,"United Nations Department of Economic and Social Affairs, Population Division (2024). World Contraceptive Use 2024",EOF,
BTN,MNCH_DEMAND_FP,_T,Y15T49,_T,_T,_T,_T,MNCH_SRC_293,0,PCNT,,FAMILY_PLANNING,2010,84.6,,1,RP,F,,,,,,,EOF,
ECU,MNCH_DEMAND_FP,_T,Y15T19,_T,_T,_T,_T,MNCH_SRC_2909,0,PCNT,,FAMILY_PLANNING,2019,80.5,,1,RP,F,,,,,,"United Nations Department of Economic and Social Affairs, Population Division (2024). World Contraceptive Use 2024",EOF,
MRT,MNCH_DEMAND_FP,_T,Y15T49,_T,_T,_T,_T,MNCH_SRC_1436,0,PCNT,,FAMILY_PLANNING,2015,30.4,,1,RP,F,,,,,,,EOF,
MRT,MNCH_DEMAND_FP,_T,Y15T49,_T,_T,_T,_T,MNCH_SRC_1434,0,PCNT,,FAMILY_PLANNING,2011,23.8,,1,RP,F,,,,,,,EOF,
MRT,MNCH_DEMAND_FP,_T,Y15T49,_T,_T,_T,_T,MNCH_SRC_2687,0,PCNT,,FAMILY_PLANNING,2019,26.9,,1,RP,F,,,,,,,EOF,
UZB,MNCH_DEMAND_FP,_T,Y15T49,_T,_T,_T,_T,MNCH_SRC_2708,0,PCNT,,FAMILY_PLANNING,2021,81,,1,RP,F,,,,,,,EOF,
KGZ,MNCH_DEMAND_FP,_T,Y15T49,_T,_T,_T,_T,MNCH_SRC_1243,0,PCNT,,FAMILY_PLANNING,2014,66.2,,1,RP,F,,,,,,,EOF,
KGZ,MNCH_DEMAND_FP,_T,Y15T49,_T,_T,_T,_T,MNCH_SRC_1245,0,PCNT,,FAMILY_PLANNING,2018,64.6,,1,RP,F,,,,,,,EOF,
KGZ,MNCH_DEMAND_FP,_T,Y15T49,_T,_T,_T,_T,MNCH_SRC_1241,0,PCNT,,FAMILY_PLANNING,2012,62.1,,1,RP,F,,,,,,,EOF,
UNSDG_LDC,MNCH_DEMAND_FP,_T,Y15T19,_T,_T,_T,_T,MNCH_SRC_2918,0,PCNT,,FAMILY_PLANNING,2023,54.3,,1,RA,F,,,,,,,EOF,
ECU,MNCH_DEMAND_FP,_T,Y15T49,_T,_T,_T,_T,MNCH_SRC_767,0,PCNT,,FAMILY_PLANNING,2018,82.5,,1,RP,F,,,,,,,EOF,
ECU,MNCH_DEMAND_FP,_T,Y15T49,_T,_T,_T,_T,MNCH_SRC_762,0,PCNT,,FAMILY_PLANNING,2004,73.3,,1,RP,F,,,,,,,EOF,
ECU,MNCH_DEMAND_FP,_T,Y15T49,_T,_T,_T,_T,MNCH_SRC_765,0,PCNT,,FAMILY_PLANNING,2012,79.4,,1,RP,F,,,,,,,EOF,
NIC,MNCH_DEMAND_FP,_T,Y15T19,_T,_T,_T,_T,MNCH_SRC_2909,0,PCNT,,FAMILY_PLANNING,2012,86.6,,1,RP,F,,,,,,"United Nations Department of Economic and Social Affairs, Population Division (2024). World Contraceptive Use 2024",EOF,
TJK,MNCH_DEMAND_FP,_T,Y15T19,_T,_T,_T,_T,MNCH_SRC_2911,0,PCNT,,FAMILY_PLANNING,2017,17.6,,1,RP,F,,,,,,"United Nations Department of Economic and Social Affairs, Population Division (2024). World Contraceptive Use 2024",EOF,
MOZ,MNCH_DEMAND_FP,_T,Y15T19,_T,_T,_T,_T,MNCH_SRC_2911,0,PCNT,,FAMILY_PLANNING,2023,30,,1,RP,F,,,,,,"United Nations Department of Economic and Social Affairs, Population Division (2024). World Contraceptive Use 2024",EOF,
LKA,MNCH_DEMAND_FP,_T,Y15T49,_T,_T,_T,_T,MNCH_SRC_2014,0,PCNT,,FAMILY_PLANNING,2006,69.4,,1,RP,F,,,,,,,EOF,
LKA,MNCH_DEMAND_FP,_T,Y15T49,_T,_T,_T,_T,MNCH_SRC_2012,0,PCNT,,FAMILY_PLANNING,2000,56.2,,1,RP,F,,,,,,,EOF,
LKA,MNCH_DEMAND_FP,_T,Y15T49,_T,_T,_T,_T,MNCH_SRC_2017,0,PCNT,,FAMILY_PLANNING,2016,74.3,,1,RP,F,,,,,,,EOF,
COL,MNCH_DEMAND_FP,_T,Y15T49,_T,_T,_T,_T,MNCH_SRC_531,0,PCNT,,FAMILY_PLANNING,2000,73.3,,1,RP,F,,,,,,,EOF,
MRT,MNCH_DEMAND_FP,_T,Y15T49,_T,_T,_T,_T,MNCH_SRC_1429,0,PCNT,,FAMILY_PLANNING,2000,13.5,,1,RP,F,,,,,,,EOF,
MRT,MNCH_DEMAND_FP,_T,Y15T49,_T,_T,_T,_T,MNCH_SRC_1432,0,PCNT,,FAMILY_PLANNING,2007,23.6,,1,RP,F,,,,,,,EOF,
UNICEF_SSA,MNCH_DEMAND_FP,_T,Y15T19,_T,_T,_T,_T,MNCH_SRC_2918,0,PCNT,,FAMILY_PLANNING,2023,42.5,,1,RA,F,,,,,,,EOF,
LSO,MNCH_DEMAND_FP,_T,Y15T49,_T,_T,_T,_T,MNCH_SRC_1285,0,PCNT,,FAMILY_PLANNING,2009,67.5,,1,RP,F,,,,,,,EOF,
LSO,MNCH_DEMAND_FP,_T,Y15T49,_T,_T,_T,_T,MNCH_SRC_1282,0,PCNT,,FAMILY_PLANNING,2004,55.2,,1,RP,F,,,,,,,EOF,
LSO,MNCH_DEMAND_FP,_T,Y15T49,_T,_T,_T,_T,MNCH_SRC_1286,0,PCNT,,FAMILY_PLANNING,2014,78.9,,1,RP,F,,,,,,,EOF,
LSO,MNCH_DEMAND_FP,_T,Y15T49,_T,_T,_T,_T,MNCH_SRC_1288,0,PCNT,,FAMILY_PLANNING,2018,82.8,,1,RP,F,,,,,,,EOF,
AUREC_IGAD,MNCH_DEMAND_FP,_T,Y15T19,_T,_T,_T,_T,MNCH_SRC_2918,0,PCNT,,FAMILY_PLANNING,2023,56.6,,1,RA,F,,,,,,,EOF,
MAR,MNCH_DEMAND_FP,_T,Y15T49,_T,_T,_T,_T,MNCH_SRC_1494,0,PCNT,,FAMILY_PLANNING,2003,73.2,,1,RP,F,,,,,,,EOF,
BLZ,MNCH_DEMAND_FP,_T,Y15T49,_T,_T,_T,_T,MNCH_SRC_272,0,PCNT,,FAMILY_PLANNING,2015,64.9,,1,RP,F,,,,,,,EOF,
BLZ,MNCH_DEMAND_FP,_T,Y15T49,_T,_T,_T,_T,MNCH_SRC_268,0,PCNT,,FAMILY_PLANNING,2011,73.1,,1,RP,F,,,,,,,EOF,
EGY,MNCH_DEMAND_FP,_T,Y15T49,_T,_T,_T,_T,MNCH_SRC_768,0,PCNT,,FAMILY_PLANNING,2000,77.2,,1,RP,F,,,,,,,EOF,
MAR,MNCH_DEMAND_FP,_T,Y15T49,_T,_T,_T,_T,MNCH_SRC_1499,0,PCNT,,FAMILY_PLANNING,2010,74.8,,1,RP,F,,,,,,,EOF,
MAR,MNCH_DEMAND_FP,_T,Y15T49,_T,_T,_T,_T,MNCH_SRC_1503,0,PCNT,,FAMILY_PLANNING,2018,72,,1,RP,F,,,,,,,EOF,
PRK,MNCH_DEMAND_FP,_T,Y15T49,_T,_T,_T,_T,MNCH_SRC_702,0,PCNT,,FAMILY_PLANNING,2002,68.2,,1,RP,F,,,,,,,EOF,
PRK,MNCH_DEMAND_FP,_T,Y15T49,_T,_T,_T,_T,MNCH_SRC_708,0,PCNT,,FAMILY_PLANNING,2014,89.8,,1,RP,F,,,,,,,EOF,
PRK,MNCH_DEMAND_FP,_T,Y15T49,_T,_T,_T,_T,MNCH_SRC_707,0,PCNT,,FAMILY_PLANNING,2010,76.7,,1,RP,F,,,,,,,EOF,
PRK,MNCH_DEMAND_FP,_T,Y15T49,_T,_T,_T,_T,MNCH_SRC_710,0,PCNT,,FAMILY_PLANNING,2017,89.6,,1,RP,F,,,,,,,EOF,
MDG,MNCH_DEMAND_FP,_T,Y15T49,_T,_T,_T,_T,MNCH_SRC_1322,0,PCNT,,FAMILY_PLANNING,2018,65.9,,1,RP,F,,,,,,,EOF,
MDG,MNCH_DEMAND_FP,_T,Y15T49,_T,_T,_T,_T,MNCH_SRC_2686,0,PCNT,,FAMILY_PLANNING,2021,64.7,,1,RP,F,,,,,,,EOF,
MDG,MNCH_DEMAND_FP,_T,Y15T49,_T,_T,_T,_T,MNCH_SRC_1316,0,PCNT,,FAMILY_PLANNING,2008,48.6,,1,RP,F,,,,,,,EOF,
TZA,MNCH_DEMAND_FP,_T,Y15T19,_T,_T,_T,_T,MNCH_SRC_2911,0,PCNT,,FAMILY_PLANNING,2022,37.4,,1,RP,F,,,,,,"United Nations Department of Economic and Social Affairs, Population Division (2024). World Contraceptive Use 2024",EOF,
RUS,MNCH_DEMAND_FP,_T,Y15T49,_T,_T,_T,_T,MNCH_SRC_1869,0,PCNT,,FAMILY_PLANNING,2011,72.4,,1,RP,F,,,,,,,EOF,
ARG,MNCH_DEMAND_FP,_T,Y15T19,_T,_T,_T,_T,MNCH_SRC_2909,0,PCNT,,FAMILY_PLANNING,2020,75.6,,1,RP,F,,,,,,"United Nations Department of Economic and Social Affairs, Population Division (2024). World Contraceptive Use 2024",EOF,
EGY,MNCH_DEMAND_FP,_T,Y15T49,_T,_T,_T,_T,MNCH_SRC_776,0,PCNT,,FAMILY_PLANNING,2014,80,,1,RP,F,,,,,,,EOF,
EGY,MNCH_DEMAND_FP,_T,Y15T49,_T,_T,_T,_T,MNCH_SRC_770,0,PCNT,,FAMILY_PLANNING,2003,78.8,,1,RP,F,,,,,,,EOF,
EGY,MNCH_DEMAND_FP,_T,Y15T49,_T,_T,_T,_T,MNCH_SRC_772,0,PCNT,,FAMILY_PLANNING,2005,79,,1,RP,F,,,,,,,EOF,
EGY,MNCH_DEMAND_FP,_T,Y15T49,_T,_T,_T,_T,MNCH_SRC_774,0,PCNT,,FAMILY_PLANNING,2008,80.1,,1,RP,F,,,,,,,EOF,
MDG,MNCH_DEMAND_FP,_T,Y15T49,_T,_T,_T,_T,MNCH_SRC_1314,0,PCNT,,FAMILY_PLANNING,2003,34.8,,1,RP,F,,,,,,,EOF,
MDG,MNCH_DEMAND_FP,_T,Y15T49,_T,_T,_T,_T,MNCH_SRC_1321,0,PCNT,,FAMILY_PLANNING,2017,60,,1,RP,F,,,,,,,EOF,
PRK,MNCH_DEMAND_FP,_T,Y15T49,_T,_T,_T,_T,MNCH_SRC_704,0,PCNT,,FAMILY_PLANNING,2006,68.9,,1,RP,F,,,,,,,EOF,
PAK,MNCH_DEMAND_FP,_T,Y15T19,_T,_T,_T,_T,MNCH_SRC_2911,0,PCNT,,FAMILY_PLANNING,2018,23.3,,1,RP,F,,,,,,"United Nations Department of Economic and Social Affairs, Population Division (2024). World Contraceptive Use 2024",EOF,
GIN,MNCH_DEMAND_FP,_T,Y15T19,_T,_T,_T,_T,MNCH_SRC_2911,0,PCNT,,FAMILY_PLANNING,2018,32.7,,1,RP,F,,,,,,"United Nations Department of Economic and Social Affairs, Population Division (2024). World Contraceptive Use 2024",EOF,
MDA,MNCH_DEMAND_FP,_T,Y15T19,_T,_T,_T,_T,MNCH_SRC_2909,0,PCNT,,FAMILY_PLANNING,2012,52.1,,1,RP,F,,,,,,"United Nations Department of Economic and Social Affairs, Population Division (2024). World Contraceptive Use 2024",EOF,
SYR,MNCH_DEMAND_FP,_T,Y15T19,_T,_T,_T,_T,MNCH_SRC_2909,0,PCNT,,FAMILY_PLANNING,2009,31.4,,1,RP,F,,,,,,"United Nations Department of Economic and Social Affairs, Population Division (2024). World Contraceptive Use 2024",EOF,
SLV,MNCH_DEMAND_FP,_T,Y15T19,_T,_T,_T,_T,MNCH_SRC_2910,0,PCNT,,FAMILY_PLANNING,2014,70.2,,1,RP,F,,,,,,"United Nations Department of Economic and Social Affairs, Population Division (2024). World Contraceptive Use 2024",EOF,
YEM,MNCH_DEMAND_FP,_T,Y15T49,_T,_T,_T,_T,MNCH_SRC_2243,0,PCNT,,FAMILY_PLANNING,2013,40.5,,1,RP,F,,,,,,,EOF,
CIV,MNCH_DEMAND_FP,_T,Y15T19,_T,_T,_T,_T,MNCH_SRC_2912,0,PCNT,,FAMILY_PLANNING,2022,38.1,,1,RP,F,,,,,,"United Nations Department of Economic and Social Affairs, Population Division (2024). World Contraceptive Use 2024",EOF,
YEM,MNCH_DEMAND_FP,_T,Y15T49,_T,_T,_T,_T,MNCH_SRC_2240,0,PCNT,,FAMILY_PLANNING,2006,37.4,,1,RP,F,,,,,,,EOF,
LCA,MNCH_DEMAND_FP,_T,Y15T19,_T,_T,_T,_T,MNCH_SRC_2909,0,PCNT,,FAMILY_PLANNING,2012,53.2,,1,RP,F,,,,,,"United Nations Department of Economic and Social Affairs, Population Division (2024). World Contraceptive Use 2024",EOF,
JOR,MNCH_DEMAND_FP,_T,Y15T49,_T,_T,_T,_T,MNCH_SRC_1165,0,PCNT,,FAMILY_PLANNING,2002,58.3,,1,RP,F,,,,,,,EOF,
LAO,MNCH_DEMAND_FP,_T,Y15T49,_T,_T,_T,_T,MNCH_SRC_1257,0,PCNT,,FAMILY_PLANNING,2017,72.3,,1,RP,F,,,,,,,EOF,
LAO,MNCH_DEMAND_FP,_T,Y15T49,_T,_T,_T,_T,MNCH_SRC_1255,0,PCNT,,FAMILY_PLANNING,2011,60.5,,1,RP,F,,,,,,,EOF,
NGA,MNCH_DEMAND_FP,_T,Y15T19,_T,_T,_T,_T,MNCH_SRC_2909,0,PCNT,,FAMILY_PLANNING,2021,18.2,,1,RP,F,,,,,,"United Nations Department of Economic and Social Affairs, Population Division (2024). World Contraceptive Use 2024",EOF,
GBR,MNCH_DEMAND_FP,_T,Y15T49,_T,_T,_T,_T,MNCH_SRC_2166,0,PCNT,,FAMILY_PLANNING,2010,86.5,,1,RP,F,,,,,,,EOF,
MEX,MNCH_DEMAND_FP,_T,Y15T49,_T,_T,_T,_T,MNCH_SRC_1447,0,PCNT,,FAMILY_PLANNING,2003,82.1,,1,RP,F,,,,,,,EOF,
MEX,MNCH_DEMAND_FP,_T,Y15T49,_T,_T,_T,_T,MNCH_SRC_1451,0,PCNT,,FAMILY_PLANNING,2009,81.9,,1,RP,F,,,,,,,EOF,
MEX,MNCH_DEMAND_FP,_T,Y15T49,_T,_T,_T,_T,MNCH_SRC_1448,0,PCNT,,FAMILY_PLANNING,2006,80.2,,1,RP,F,,,,,,,EOF,
MEX,MNCH_DEMAND_FP,_T,Y15T49,_T,_T,_T,_T,MNCH_SRC_1460,0,PCNT,,FAMILY_PLANNING,2015,79.8,,1,RP,F,,,,,,,EOF,
MEX,MNCH_DEMAND_FP,_T,Y15T49,_T,_T,_T,_T,MNCH_SRC_1457,0,PCNT,,FAMILY_PLANNING,2014,81.6,,1,RP,F,,,,,,,EOF,
MEX,MNCH_DEMAND_FP,_T,Y15T49,_T,_T,_T,_T,MNCH_SRC_1463,0,PCNT,,FAMILY_PLANNING,2018,83.2,,1,RP,F,,,,,,,EOF,
SEN,MNCH_DEMAND_FP,_T,Y15T19,_T,_T,_T,_T,MNCH_SRC_2909,0,PCNT,,FAMILY_PLANNING,2023,30.5,,1,RP,F,,,,,,"United Nations Department of Economic and Social Affairs, Population Division (2024). World Contraceptive Use 2024",EOF,
KIR,MNCH_DEMAND_FP,_T,Y15T19,_T,_T,_T,_T,MNCH_SRC_2909,0,PCNT,,FAMILY_PLANNING,2019,30.2,,1,RP,F,,,,,,"United Nations Department of Economic and Social Affairs, Population Division (2024). World Contraceptive Use 2024",EOF,
PAN,MNCH_DEMAND_FP,_T,Y15T19,_T,_T,_T,_T,MNCH_SRC_2909,0,PCNT,,FAMILY_PLANNING,2015,71.5,,1,RP,F,,,,,,"United Nations Department of Economic and Social Affairs, Population Division (2024). World Contraceptive Use 2024",EOF,
AUREC_COMESA,MNCH_DEMAND_FP,_T,Y15T49,_T,_T,_T,_T,MNCH_SRC_2918,0,PCNT,,FAMILY_PLANNING,2023,63.5,,1,RA,F,,,,,,,EOF,
USA,MNCH_DEMAND_FP,_T,Y15T19,_T,_T,_T,_T,MNCH_SRC_2909,0,PCNT,,FAMILY_PLANNING,2019,82.2,,1,RP,F,,,,,,"United Nations Department of Economic and Social Affairs, Population Division (2024). World Contraceptive Use 2024",EOF,
LAO,MNCH_DEMAND_FP,_T,Y15T49,_T,_T,_T,_T,MNCH_SRC_1250,0,PCNT,,FAMILY_PLANNING,2005,53.3,,1,RP,F,,,,,,,EOF,
LAO,MNCH_DEMAND_FP,_T,Y15T49,_T,_T,_T,_T,MNCH_SRC_1247,0,PCNT,,FAMILY_PLANNING,2000,40.3,,1,RP,F,,,,,,,EOF,
PSE,MNCH_DEMAND_FP,_T,Y15T49,_T,_T,_T,_T,MNCH_SRC_2029,0,PCNT,,FAMILY_PLANNING,2014,64.8,,1,RP,F,,,,,,,EOF,
PSE,MNCH_DEMAND_FP,_T,Y15T49,_T,_T,_T,_T,MNCH_SRC_2027,0,PCNT,,FAMILY_PLANNING,2010,64.9,,1,RP,F,,,,,,,EOF,
PSE,MNCH_DEMAND_FP,_T,Y15T49,_T,_T,_T,_T,MNCH_SRC_2031,0,PCNT,,FAMILY_PLANNING,2019,61,,1,RP,F,,,,,,,EOF,
QAT,MNCH_DEMAND_FP,_T,Y15T49,_T,_T,_T,_T,MNCH_SRC_1834,0,PCNT,,FAMILY_PLANNING,2012,68.9,,1,RP,F,,,,,,,EOF,
KAZ,MNCH_DEMAND_FP,_T,Y15T19,_T,_T,_T,_T,MNCH_SRC_2910,0,PCNT,,FAMILY_PLANNING,2015,64.2,,1,RP,F,,,,,,"United Nations Department of Economic and Social Affairs, Population Division (2024). World Contraceptive Use 2024",EOF,
TLS,MNCH_DEMAND_FP,_T,Y15T19,_T,_T,_T,_T,MNCH_SRC_2911,0,PCNT,,FAMILY_PLANNING,2016,22.1,,1,RP,F,,,,,,"United Nations Department of Economic and Social Affairs, Population Division (2024). World Contraceptive Use 2024",EOF,
MOZ,MNCH_DEMAND_FP,_T,Y15T49,_T,_T,_T,_T,MNCH_SRC_1514,0,PCNT,,FAMILY_PLANNING,2015,55.5,,1,RP,F,,,,,,,EOF,
MOZ,MNCH_DEMAND_FP,_T,Y15T49,_T,_T,_T,_T,MNCH_SRC_2840,0,PCNT,,FAMILY_PLANNING,2022,52.1,,1,RP,F,,,,,,,EOF,
MOZ,MNCH_DEMAND_FP,_T,Y15T49,_T,_T,_T,_T,MNCH_SRC_1506,0,PCNT,,FAMILY_PLANNING,2003,42.3,,1,RP,F,,,,,,,EOF,
MOZ,MNCH_DEMAND_FP,_T,Y15T49,_T,_T,_T,_T,MNCH_SRC_1510,0,PCNT,,FAMILY_PLANNING,2011,36.5,,1,RP,F,,,,,,,EOF,
KEN,MNCH_DEMAND_FP,_T,Y15T49,_T,_T,_T,_T,MNCH_SRC_1200,0,PCNT,,FAMILY_PLANNING,2019,75.1,,1,RP,F,,,,,,,EOF,
KEN,MNCH_DEMAND_FP,_T,Y15T49,_T,_T,_T,_T,MNCH_SRC_1199,0,PCNT,,FAMILY_PLANNING,2018,77.3,,1,RP,F,,,,,,,EOF,
KEN,MNCH_DEMAND_FP,_T,Y15T49,_T,_T,_T,_T,MNCH_SRC_3078,0,PCNT,,FAMILY_PLANNING,2021,75.6,,1,RP,F,,,,,,,EOF,
KEN,MNCH_DEMAND_FP,_T,Y15T49,_T,_T,_T,_T,MNCH_SRC_1202,0,PCNT,,FAMILY_PLANNING,2020,77.1,,1,RP,F,,,,,,,EOF,
KEN,MNCH_DEMAND_FP,_T,Y15T49,_T,_T,_T,_T,MNCH_SRC_2679,0,PCNT,,FAMILY_PLANNING,2022,79.3,,1,RP,F,,,,,,,EOF,
KEN,MNCH_DEMAND_FP,_T,Y15T49,_T,_T,_T,_T,MNCH_SRC_2678,0,PCNT,,FAMILY_PLANNING,2015,73.4,,1,RP,F,,,,,,,EOF,
KEN,MNCH_DEMAND_FP,_T,Y15T49,_T,_T,_T,_T,MNCH_SRC_1198,0,PCNT,,FAMILY_PLANNING,2017,76,,1,RP,F,,,,,,,EOF,
KEN,MNCH_DEMAND_FP,_T,Y15T49,_T,_T,_T,_T,MNCH_SRC_1196,0,PCNT,,FAMILY_PLANNING,2016,75.2,,1,RP,F,,,,,,,EOF,
AUREC_ECOWAS,MNCH_DEMAND_FP,_T,Y15T19,_T,_T,_T,_T,MNCH_SRC_2918,0,PCNT,,FAMILY_PLANNING,2023,19.9,,1,RA,F,,,,,,,EOF,
VNM,MNCH_DEMAND_FP,_T,Y15T19,_T,_T,_T,_T,MNCH_SRC_2909,0,PCNT,,FAMILY_PLANNING,2021,41.7,,1,RP,F,,,,,,"United Nations Department of Economic and Social Affairs, Population Division (2024). World Contraceptive Use 2024",EOF,
ALB,MNCH_DEMAND_FP,_T,Y15T49,_T,_T,_T,_T,MNCH_SRC_34,0,PCNT,,FAMILY_PLANNING,2017,6.3,,1,RP,F,,,,,,,EOF,
ALB,MNCH_DEMAND_FP,_T,Y15T49,_T,_T,_T,_T,MNCH_SRC_31,0,PCNT,,FAMILY_PLANNING,2008,13.9,,1,RP,F,,,,,,,EOF,
PHL,MNCH_DEMAND_FP,_T,Y15T19,_T,_T,_T,_T,MNCH_SRC_2911,0,PCNT,,FAMILY_PLANNING,2022,46.2,,1,RP,F,,,,,,"United Nations Department of Economic and Social Affairs, Population Division (2024). World Contraceptive Use 2024",EOF,
SOM,MNCH_DEMAND_FP,_T,Y15T49,_T,_T,_T,_T,MNCH_SRC_2629,0,PCNT,,FAMILY_PLANNING,2018,2.1,,1,RP,F,,,,,,,EOF,
HND,MNCH_DEMAND_FP,_T,Y15T49,_T,_T,_T,_T,MNCH_SRC_1015,0,PCNT,,FAMILY_PLANNING,2005,69.2,,1,RP,F,,,,,,,EOF,
HND,MNCH_DEMAND_FP,_T,Y15T49,_T,_T,_T,_T,MNCH_SRC_1022,0,PCNT,,FAMILY_PLANNING,2019,79,,1,RP,F,,,,,,,EOF,
HND,MNCH_DEMAND_FP,_T,Y15T49,_T,_T,_T,_T,MNCH_SRC_1017,0,PCNT,,FAMILY_PLANNING,2011,76,,1,RP,F,,,,,,,EOF,
LBR,MNCH_DEMAND_FP,_T,Y15T19,_T,_T,_T,_T,MNCH_SRC_2911,0,PCNT,,FAMILY_PLANNING,2020,16.3,,1,RP,F,,,,,,"United Nations Department of Economic and Social Affairs, Population Division (2024). World Contraceptive Use 2024",EOF,
TTO,MNCH_DEMAND_FP,_T,Y15T49,_T,_T,_T,_T,MNCH_SRC_3151,0,PCNT,,FAMILY_PLANNING,2022,45.4,,1,RP,F,,,,,,,EOF,
TTO,MNCH_DEMAND_FP,_T,Y15T49,_T,_T,_T,_T,MNCH_SRC_2113,0,PCNT,,FAMILY_PLANNING,2011,58.2,,1,RP,F,,,,,,,EOF,
TTO,MNCH_DEMAND_FP,_T,Y15T49,_T,_T,_T,_T,MNCH_SRC_2110,0,PCNT,,FAMILY_PLANNING,2006,55.1,,1,RP,F,,,,,,,EOF,
COL,MNCH_DEMAND_FP,_T,Y15T49,_T,_T,_T,_T,MNCH_SRC_545,0,PCNT,,FAMILY_PLANNING,2009,83.9,,1,RP,F,,,,,,,EOF,
COL,MNCH_DEMAND_FP,_T,Y15T49,_T,_T,_T,_T,MNCH_SRC_538,0,PCNT,,FAMILY_PLANNING,2004,78,,1,RP,F,,,,,,,EOF,
COL,MNCH_DEMAND_FP,_T,Y15T49,_T,_T,_T,_T,MNCH_SRC_557,0,PCNT,,FAMILY_PLANNING,2015,86.6,,1,RP,F,,,,,,,EOF,
UNICEF_SSA,MNCH_DEMAND_FP,_T,Y15T49,_T,_T,_T,_T,MNCH_SRC_2918,0,PCNT,,FAMILY_PLANNING,2023,56.1,,1,RA,F,,,,,,,EOF,
HND,MNCH_DEMAND_FP,_T,Y15T49,_T,_T,_T,_T,MNCH_SRC_1013,0,PCNT,,FAMILY_PLANNING,2001,71.2,,1,RP,F,,,,,,,EOF,
PRY,MNCH_DEMAND_FP,_T,Y15T19,_T,_T,_T,_T,MNCH_SRC_2910,0,PCNT,,FAMILY_PLANNING,2016,82.9,,1,RP,F,,,,,,"United Nations Department of Economic and Social Affairs, Population Division (2024). World Contraceptive Use 2024",EOF,
ZAF,MNCH_DEMAND_FP,_T,Y15T49,_T,_T,_T,_T,MNCH_SRC_1997,0,PCNT,,FAMILY_PLANNING,2003,81.1,,1,RP,F,,,,,,,EOF,
ZAF,MNCH_DEMAND_FP,_T,Y15T49,_T,_T,_T,_T,MNCH_SRC_2002,0,PCNT,,FAMILY_PLANNING,2016,79.7,,1,RP,F,,,,,,,EOF,
COG,MNCH_DEMAND_FP,_T,Y15T19,_T,_T,_T,_T,MNCH_SRC_2909,0,PCNT,,FAMILY_PLANNING,2015,27.6,,1,RP,F,,,,,,"United Nations Department of Economic and Social Affairs, Population Division (2024). World Contraceptive Use 2024",EOF,
MDV,MNCH_DEMAND_FP,_T,Y15T19,_T,_T,_T,_T,MNCH_SRC_2911,0,PCNT,,FAMILY_PLANNING,2017,9.5,,1,RP,F,,,,,,"United Nations Department of Economic and Social Affairs, Population Division (2024). World Contraceptive Use 2024",EOF,
AU_WESTERN_AFRICA,MNCH_DEMAND_FP,_T,Y15T19,_T,_T,_T,_T,MNCH_SRC_2918,0,PCNT,,FAMILY_PLANNING,2023,25.3,,1,RA,F,,,,,,,EOF,
NAM,MNCH_DEMAND_FP,_T,Y15T49,_T,_T,_T,_T,MNCH_SRC_1532,0,PCNT,,FAMILY_PLANNING,2013,80.4,,1,RP,F,,,,,,,EOF,
NAM,MNCH_DEMAND_FP,_T,Y15T49,_T,_T,_T,_T,MNCH_SRC_1529,0,PCNT,,FAMILY_PLANNING,2006,77.3,,1,RP,F,,,,,,,EOF,
AGO,MNCH_DEMAND_FP,_T,Y15T19,_T,_T,_T,_T,MNCH_SRC_2911,0,PCNT,,FAMILY_PLANNING,2016,14.9,,1,RP,F,,,,,,"United Nations Department of Economic and Social Affairs, Population Division (2024). World Contraceptive Use 2024",EOF,
ARM,MNCH_DEMAND_FP,_T,Y15T49,_T,_T,_T,_T,MNCH_SRC_133,0,PCNT,,FAMILY_PLANNING,2015,40.2,,1,RP,F,,,,,,,EOF,
ARM,MNCH_DEMAND_FP,_T,Y15T49,_T,_T,_T,_T,MNCH_SRC_128,0,PCNT,,FAMILY_PLANNING,2010,39.4,,1,RP,F,,,,,,,EOF,
ARM,MNCH_DEMAND_FP,_T,Y15T49,_T,_T,_T,_T,MNCH_SRC_124,0,PCNT,,FAMILY_PLANNING,2005,27.2,,1,RP,F,,,,,,,EOF,
ARM,MNCH_DEMAND_FP,_T,Y15T49,_T,_T,_T,_T,MNCH_SRC_120,0,PCNT,,FAMILY_PLANNING,2000,28.4,,1,RP,F,,,,,,,EOF,
ZMB,MNCH_DEMAND_FP,_T,Y15T19,_T,_T,_T,_T,MNCH_SRC_2911,0,PCNT,,FAMILY_PLANNING,2018,63.3,,1,RP,F,,,,,,"United Nations Department of Economic and Social Affairs, Population Division (2024). World Contraceptive Use 2024",EOF,
NAM,MNCH_DEMAND_FP,_T,Y15T49,_T,_T,_T,_T,MNCH_SRC_1527,0,PCNT,,FAMILY_PLANNING,2000,69.1,,1,RP,F,,,,,,,EOF,
FJI,MNCH_DEMAND_FP,_T,Y15T19,_T,_T,_T,_T,MNCH_SRC_2909,0,PCNT,,FAMILY_PLANNING,2021,23.7,,1,RP,F,,,,,,"United Nations Department of Economic and Social Affairs, Population Division (2024). World Contraceptive Use 2024",EOF,
BLZ,MNCH_DEMAND_FP,_T,Y15T19,_T,_T,_T,_T,MNCH_SRC_2910,0,PCNT,,FAMILY_PLANNING,2016,46.8,,1,RP,F,,,,,,"United Nations Department of Economic and Social Affairs, Population Division (2024). World Contraceptive Use 2024",EOF,
OMN,MNCH_DEMAND_FP,_T,Y15T49,_T,_T,_T,_T,MNCH_SRC_1661,0,PCNT,,FAMILY_PLANNING,2007,19.1,,1,RP,F,,,,,,,EOF,
OMN,MNCH_DEMAND_FP,_T,Y15T49,_T,_T,_T,_T,MNCH_SRC_1664,0,PCNT,,FAMILY_PLANNING,2014,39.6,,1,RP,F,,,,,,,EOF,
GTM,MNCH_DEMAND_FP,_T,Y15T49,_T,_T,_T,_T,MNCH_SRC_963,0,PCNT,,FAMILY_PLANNING,2002,48.7,,1,RP,F,,,,,,,EOF,
SDN,MNCH_DEMAND_FP,_T,Y15T19,_T,_T,_T,_T,MNCH_SRC_2910,0,PCNT,,FAMILY_PLANNING,2014,18.6,,1,RP,F,,,,,,"United Nations Department of Economic and Social Affairs, Population Division (2024). World Contraceptive Use 2024",EOF,
SLB,MNCH_DEMAND_FP,_T,Y15T19,_T,_T,_T,_T,MNCH_SRC_2909,0,PCNT,,FAMILY_PLANNING,2015,12.8,,1,RP,F,,,,,,"United Nations Department of Economic and Social Affairs, Population Division (2024). World Contraceptive Use 2024",EOF,
XKX,MNCH_DEMAND_FP,_T,Y15T49,_T,_T,_T,_T,MNCH_SRC_2681,0,PCNT,,FAMILY_PLANNING,2019,12.5,,1,RP,F,,,,,,,EOF,
XKX,MNCH_DEMAND_FP,_T,Y15T49,_T,_T,_T,_T,MNCH_SRC_3079,0,PCNT,,FAMILY_PLANNING,2013,18.3,,1,RP,F,,,,,,,EOF,
GIN,MNCH_DEMAND_FP,_T,Y15T49,_T,_T,_T,_T,MNCH_SRC_979,0,PCNT,,FAMILY_PLANNING,2012,24.6,,1,RP,F,,,,,,,EOF,
GIN,MNCH_DEMAND_FP,_T,Y15T49,_T,_T,_T,_T,MNCH_SRC_983,0,PCNT,,FAMILY_PLANNING,2018,37.7,,1,RP,F,,,,,,,EOF,
GIN,MNCH_DEMAND_FP,_T,Y15T49,_T,_T,_T,_T,MNCH_SRC_981,0,PCNT,,FAMILY_PLANNING,2016,21.5,,1,RP,F,,,,,,,EOF,
GIN,MNCH_DEMAND_FP,_T,Y15T49,_T,_T,_T,_T,MNCH_SRC_974,0,PCNT,,FAMILY_PLANNING,2005,22.9,,1,RP,F,,,,,,,EOF,
GMB,MNCH_DEMAND_FP,_T,Y15T49,_T,_T,_T,_T,MNCH_SRC_900,0,PCNT,,FAMILY_PLANNING,2018,37.6,,1,RP,F,,,,,,,EOF,
GMB,MNCH_DEMAND_FP,_T,Y15T49,_T,_T,_T,_T,MNCH_SRC_903,0,PCNT,,FAMILY_PLANNING,2019,41.1,,1,RP,F,,,,,,,EOF,
GMB,MNCH_DEMAND_FP,_T,Y15T49,_T,_T,_T,_T,MNCH_SRC_897,0,PCNT,,FAMILY_PLANNING,2013,26.7,,1,RP,F,,,,,,,EOF,
IRQ,MNCH_DEMAND_FP,_T,Y15T49,_T,_T,_T,_T,MNCH_SRC_1073,0,PCNT,,FAMILY_PLANNING,2011,55.9,,1,RP,F,,,,,,,EOF,
IRQ,MNCH_DEMAND_FP,_T,Y15T49,_T,_T,_T,_T,MNCH_SRC_1076,0,PCNT,,FAMILY_PLANNING,2018,53.8,,1,RP,F,,,,,,,EOF,
GTM,MNCH_DEMAND_FP,_T,Y15T49,_T,_T,_T,_T,MNCH_SRC_967,0,PCNT,,FAMILY_PLANNING,2008,58.7,,1,RP,F,,,,,,,EOF,
GTM,MNCH_DEMAND_FP,_T,Y15T49,_T,_T,_T,_T,MNCH_SRC_971,0,PCNT,,FAMILY_PLANNING,2014,66.1,,1,RP,F,,,,,,,EOF,
TZA,MNCH_DEMAND_FP,_T,Y15T49,_T,_T,_T,_T,MNCH_SRC_2898,0,PCNT,,FAMILY_PLANNING,2022,54,,1,RP,F,,,,,,,EOF,
TZA,MNCH_DEMAND_FP,_T,Y15T49,_T,_T,_T,_T,MNCH_SRC_2175,0,PCNT,,FAMILY_PLANNING,2015,55.1,,1,RP,F,,,,,,,EOF,
TZA,MNCH_DEMAND_FP,_T,Y15T49,_T,_T,_T,_T,MNCH_SRC_2171,0,PCNT,,FAMILY_PLANNING,2009,50.8,,1,RP,F,,,,,,,EOF,
GMB,MNCH_DEMAND_FP,_T,Y15T49,_T,_T,_T,_T,MNCH_SRC_895,0,PCNT,,FAMILY_PLANNING,2010,24.4,,1,RP,F,,,,,,,EOF,
TZA,MNCH_DEMAND_FP,_T,Y15T49,_T,_T,_T,_T,MNCH_SRC_2167,0,PCNT,,FAMILY_PLANNING,2004,42,,1,RP,F,,,,,,,EOF,
JOR,MNCH_DEMAND_FP,_T,Y15T49,_T,_T,_T,_T,MNCH_SRC_1169,0,PCNT,,FAMILY_PLANNING,2009,57.8,,1,RP,F,,,,,,,EOF,
JOR,MNCH_DEMAND_FP,_T,Y15T49,_T,_T,_T,_T,MNCH_SRC_2816,0,PCNT,,FAMILY_PLANNING,2023,54.2,,1,RP,F,,,,,,,EOF,
JOR,MNCH_DEMAND_FP,_T,Y15T49,_T,_T,_T,_T,MNCH_SRC_1170,0,PCNT,,FAMILY_PLANNING,2012,58,,1,RP,F,,,,,,,EOF,
JOR,MNCH_DEMAND_FP,_T,Y15T49,_T,_T,_T,_T,MNCH_SRC_1173,0,PCNT,,FAMILY_PLANNING,2017,56.7,,1,RP,F,,,,,,,EOF,
JOR,MNCH_DEMAND_FP,_T,Y15T49,_T,_T,_T,_T,MNCH_SRC_1167,0,PCNT,,FAMILY_PLANNING,2007,59.1,,1,RP,F,,,,,,,EOF,
THA,MNCH_DEMAND_FP,_T,Y15T19,_T,_T,_T,_T,MNCH_SRC_2909,0,PCNT,,FAMILY_PLANNING,2022,89.6,,1,RP,F,,,,,,"United Nations Department of Economic and Social Affairs, Population Division (2024). World Contraceptive Use 2024",EOF,
KOR,MNCH_DEMAND_FP,_T,Y15T49,_T,_T,_T,_T,MNCH_SRC_3210,0,PCNT,,FAMILY_PLANNING,2021,74.1,,1,RP,F,,,,,,,EOF,
ETH,MNCH_DEMAND_FP,_T,Y15T49,_T,_T,_T,_T,MNCH_SRC_834,0,PCNT,,FAMILY_PLANNING,2015,59.8,,1,RP,F,,,,,,,EOF,
ETH,MNCH_DEMAND_FP,_T,Y15T49,_T,_T,_T,_T,MNCH_SRC_3208,0,PCNT,,FAMILY_PLANNING,2014,53.9,,1,RP,F,,,,,,,EOF,
ETH,MNCH_DEMAND_FP,_T,Y15T49,_T,_T,_T,_T,MNCH_SRC_823,0,PCNT,,FAMILY_PLANNING,2000,15.3,,1,RP,F,,,,,,,EOF,
ETH,MNCH_DEMAND_FP,_T,Y15T49,_T,_T,_T,_T,MNCH_SRC_3043,0,PCNT,,FAMILY_PLANNING,2020,62.6,,1,RP,F,,,,,,,EOF,
ETH,MNCH_DEMAND_FP,_T,Y15T49,_T,_T,_T,_T,MNCH_SRC_842,0,PCNT,,FAMILY_PLANNING,2019,63.6,,1,RP,F,,,,,,,EOF,
ETH,MNCH_DEMAND_FP,_T,Y15T49,_T,_T,_T,_T,MNCH_SRC_840,0,PCNT,,FAMILY_PLANNING,2018,63.6,,1,RP,F,,,,,,,EOF,
ETH,MNCH_DEMAND_FP,_T,Y15T49,_T,_T,_T,_T,MNCH_SRC_839,0,PCNT,,FAMILY_PLANNING,2017,60.1,,1,RP,F,,,,,,,EOF,
ETH,MNCH_DEMAND_FP,_T,Y15T49,_T,_T,_T,_T,MNCH_SRC_3044,0,PCNT,,FAMILY_PLANNING,2021,60.6,,1,RP,F,,,,,,,EOF,
EST,MNCH_DEMAND_FP,_T,Y15T49,_T,_T,_T,_T,MNCH_SRC_3206,0,PCNT,,FAMILY_PLANNING,2010,72.3,,1,RP,F,,,,,,,EOF,
EST,MNCH_DEMAND_FP,_T,Y15T49,_T,_T,_T,_T,MNCH_SRC_3207,0,PCNT,,FAMILY_PLANNING,2014,74,,1,RP,F,,,,,,,EOF,
EST,MNCH_DEMAND_FP,_T,Y15T49,_T,_T,_T,_T,MNCH_SRC_3205,0,PCNT,,FAMILY_PLANNING,2006,70.4,,1,RP,F,,,,,,,EOF,
BRA,MNCH_DEMAND_FP,_T,Y15T49,_T,_T,_T,_T,MNCH_SRC_368,0,PCNT,,FAMILY_PLANNING,2006,89.3,,1,RP,F,,,,,,,EOF,
DZA,MNCH_DEMAND_FP,_T,Y15T49,_T,_T,_T,_T,MNCH_SRC_48,0,PCNT,,FAMILY_PLANNING,2018,66.3,,1,RP,F,,,,,,,EOF,
DZA,MNCH_DEMAND_FP,_T,Y15T49,_T,_T,_T,_T,MNCH_SRC_45,0,PCNT,,FAMILY_PLANNING,2012,77.2,,1,RP,F,,,,,,,EOF,
MKD,MNCH_DEMAND_FP,_T,Y15T49,_T,_T,_T,_T,MNCH_SRC_1633,0,PCNT,,FAMILY_PLANNING,2018,29.6,,1,RP,F,,,,,,,EOF,
MKD,MNCH_DEMAND_FP,_T,Y15T49,_T,_T,_T,_T,MNCH_SRC_1624,0,PCNT,,FAMILY_PLANNING,2011,22.3,,1,RP,F,,,,,,,EOF,
DZA,MNCH_DEMAND_FP,_T,Y15T49,_T,_T,_T,_T,MNCH_SRC_41,0,PCNT,,FAMILY_PLANNING,2006,74.7,,1,RP,F,,,,,,,EOF,
ETH,MNCH_DEMAND_FP,_T,Y15T49,_T,_T,_T,_T,MNCH_SRC_829,0,PCNT,,FAMILY_PLANNING,2010,50.8,,1,RP,F,,,,,,,EOF,
ETH,MNCH_DEMAND_FP,_T,Y15T49,_T,_T,_T,_T,MNCH_SRC_826,0,PCNT,,FAMILY_PLANNING,2005,28.2,,1,RP,F,,,,,,,EOF,
ETH,MNCH_DEMAND_FP,_T,Y15T49,_T,_T,_T,_T,MNCH_SRC_837,0,PCNT,,FAMILY_PLANNING,2016,61.2,,1,RP,F,,,,,,,EOF,
AUREC_SADC,MNCH_DEMAND_FP,_T,Y15T49,_T,_T,_T,_T,MNCH_SRC_2918,0,PCNT,,FAMILY_PLANNING,2023,60.5,,1,RA,F,,,,,,,EOF,
VUT,MNCH_DEMAND_FP,_T,Y15T49,_T,_T,_T,_T,MNCH_SRC_2216,0,PCNT,,FAMILY_PLANNING,2013,50.7,,1,RP,F,,,,,,,EOF,
TGO,MNCH_DEMAND_FP,_T,Y15T19,_T,_T,_T,_T,MNCH_SRC_2909,0,PCNT,,FAMILY_PLANNING,2017,25.3,,1,RP,F,,,,,,"United Nations Department of Economic and Social Affairs, Population Division (2024). World Contraceptive Use 2024",EOF,
UNICEF_NA,MNCH_DEMAND_FP,_T,Y15T49,_T,_T,_T,_T,MNCH_SRC_2918,0,PCNT,,FAMILY_PLANNING,2023,81.4,,1,RA,F,,,,,,,EOF,
TKM,MNCH_DEMAND_FP,_T,Y15T49,_T,_T,_T,_T,MNCH_SRC_2129,0,PCNT,,FAMILY_PLANNING,2000,67.5,,1,RP,F,,,,,,,EOF,
TKM,MNCH_DEMAND_FP,_T,Y15T49,_T,_T,_T,_T,MNCH_SRC_2135,0,PCNT,,FAMILY_PLANNING,2019,79.6,,1,RP,F,,,,,,,EOF,
TKM,MNCH_DEMAND_FP,_T,Y15T49,_T,_T,_T,_T,MNCH_SRC_2132,0,PCNT,,FAMILY_PLANNING,2015,75.6,,1,RP,F,,,,,,,EOF,
SWZ,MNCH_DEMAND_FP,_T,Y15T49,_T,_T,_T,_T,MNCH_SRC_3042,0,PCNT,,FAMILY_PLANNING,2021,74.1,,1,RP,F,,,,,,,EOF,
AUREC_EAC,MNCH_DEMAND_FP,_T,Y15T49,_T,_T,_T,_T,MNCH_SRC_2918,0,PCNT,,FAMILY_PLANNING,2023,56,,1,RA,F,,,,,,,EOF,
SWZ,MNCH_DEMAND_FP,_T,Y15T49,_T,_T,_T,_T,MNCH_SRC_819,0,PCNT,,FAMILY_PLANNING,2010,80.7,,1,RP,F,,,,,,,EOF,
SWZ,MNCH_DEMAND_FP,_T,Y15T49,_T,_T,_T,_T,MNCH_SRC_817,0,PCNT,,FAMILY_PLANNING,2006,66.7,,1,RP,F,,,,,,,EOF,
SWZ,MNCH_DEMAND_FP,_T,Y15T49,_T,_T,_T,_T,MNCH_SRC_821,0,PCNT,,FAMILY_PLANNING,2014,82.9,,1,RP,F,,,,,,,EOF,
NRU,MNCH_DEMAND_FP,_T,Y15T49,_T,_T,_T,_T,MNCH_SRC_1534,0,PCNT,,FAMILY_PLANNING,2007,42.5,,1,RP,F,,,,,,,EOF,
UNICEF_LAC,MNCH_DEMAND_FP,_T,Y15T49,_T,_T,_T,_T,MNCH_SRC_2918,0,PCNT,,FAMILY_PLANNING,2023,83.2,,1,RA,F,,,,,,,EOF,
MRT,MNCH_DEMAND_FP,_T,Y15T19,_T,_T,_T,_T,MNCH_SRC_2911,0,PCNT,,FAMILY_PLANNING,2021,21.6,,1,RP,F,,,,,,"United Nations Department of Economic and Social Affairs, Population Division (2024). World Contraceptive Use 2024",EOF,
AU_WESTERN_AFRICA,MNCH_DEMAND_FP,_T,Y15T49,_T,_T,_T,_T,MNCH_SRC_2918,0,PCNT,,FAMILY_PLANNING,2023,47.5,,1,RA,F,,,,,,,EOF,
UNICEF_REP_REG_GLOBAL,MNCH_DEMAND_FP,_T,Y15T19,_T,_T,_T,_T,MNCH_SRC_2918,0,PCNT,,FAMILY_PLANNING,2023,53,,1,RA,F,,,,,,,EOF,
BTN,MNCH_DEMAND_FP,_T,Y15T19,_T,_T,_T,_T,MNCH_SRC_2909,0,PCNT,,FAMILY_PLANNING,2010,52.4,,1,RP,F,,,,,,"United Nations Department of Economic and Social Affairs, Population Division (2024). World Contraceptive Use 2024",EOF,
GTM,MNCH_DEMAND_FP,_T,Y15T19,_T,_T,_T,_T,MNCH_SRC_2911,0,PCNT,,FAMILY_PLANNING,2015,50.4,,1,RP,F,,,,,,"United Nations Department of Economic and Social Affairs, Population Division (2024). World Contraceptive Use 2024",EOF,
GNQ,MNCH_DEMAND_FP,_T,Y15T49,_T,_T,_T,_T,MNCH_SRC_793,0,PCNT,,FAMILY_PLANNING,2011,20.5,,1,RP,F,,,,,,,EOF,
IDN,MNCH_DEMAND_FP,_T,Y15T19,_T,_T,_T,_T,MNCH_SRC_2911,0,PCNT,,FAMILY_PLANNING,2017,81.7,,1,RP,F,,,,,,"United Nations Department of Economic and Social Affairs, Population Division (2024). World Contraceptive Use 2024",EOF,
COM,MNCH_DEMAND_FP,_T,Y15T19,_T,_T,_T,_T,MNCH_SRC_2909,0,PCNT,,FAMILY_PLANNING,2022,8.3,,1,RP,F,,,,,,"United Nations Department of Economic and Social Affairs, Population Division (2024). World Contraceptive Use 2024",EOF,
AU_NORTHERN_AFRICA,MNCH_DEMAND_FP,_T,Y15T49,_T,_T,_T,_T,MNCH_SRC_2918,0,PCNT,,FAMILY_PLANNING,2023,75.3,,1,RA,F,,,,,,,EOF,
KIR,MNCH_DEMAND_FP,_T,Y15T49,_T,_T,_T,_T,MNCH_SRC_1208,0,PCNT,,FAMILY_PLANNING,2018,53.1,,1,RP,F,,,,,,,EOF,
KIR,MNCH_DEMAND_FP,_T,Y15T49,_T,_T,_T,_T,MNCH_SRC_1205,0,PCNT,,FAMILY_PLANNING,2009,35.8,,1,RP,F,,,,,,,EOF,
IND,MNCH_DEMAND_FP,_T,Y15T19,_T,_T,_T,_T,MNCH_SRC_2911,0,PCNT,,FAMILY_PLANNING,2016,26.9,,1,RP,F,,,,,,"United Nations Department of Economic and Social Affairs, Population Division (2024). World Contraceptive Use 2024",EOF,
BWA,MNCH_DEMAND_FP,_T,Y15T49,_T,_T,_T,_T,MNCH_SRC_2336,0,PCNT,,FAMILY_PLANNING,2007,82.1,,1,RP,F,,,,,,,EOF,
AU_AFRICA,MNCH_DEMAND_FP,_T,Y15T49,_T,_T,_T,_T,MNCH_SRC_2918,0,PCNT,,FAMILY_PLANNING,2023,59.2,,1,RA,F,,,,,,,EOF,
UKR,MNCH_DEMAND_FP,_T,Y15T19,_T,_T,_T,_T,MNCH_SRC_2909,0,PCNT,,FAMILY_PLANNING,2012,58.5,,1,RP,F,,,,,,"United Nations Department of Economic and Social Affairs, Population Division (2024). World Contraceptive Use 2024",EOF,
KHM,MNCH_DEMAND_FP,_T,Y15T19,_T,_T,_T,_T,MNCH_SRC_2911,0,PCNT,,FAMILY_PLANNING,2022,53,,1,RP,F,,,,,,"United Nations Department of Economic and Social Affairs, Population Division (2024). World Contraceptive Use 2024",EOF,
NER,MNCH_DEMAND_FP,_T,Y15T19,_T,_T,_T,_T,MNCH_SRC_2912,0,PCNT,,FAMILY_PLANNING,2023,27.7,,1,RP,F,,,,,,"United Nations Department of Economic and Social Affairs, Population Division (2024). World Contraceptive Use 2024",EOF,
SWE,MNCH_DEMAND_FP,_T,Y15T49,_T,_T,_T,_T,MNCH_SRC_2049,0,PCNT,,FAMILY_PLANNING,2017,86.7,,1,RP,F,,,,,,,EOF,
SWE,MNCH_DEMAND_FP,_T,Y15T49,_T,_T,_T,_T,MNCH_SRC_2048,0,PCNT,,FAMILY_PLANNING,2013,88.3,,1,RP,F,,,,,,,EOF,
MLI,MNCH_DEMAND_FP,_T,Y15T49,_T,_T,_T,_T,MNCH_SRC_1376,0,PCNT,,FAMILY_PLANNING,2001,19.8,,1,RP,F,,,,,,,EOF,
SEN,MNCH_DEMAND_FP,_T,Y15T49,_T,_T,_T,_T,MNCH_SRC_1927,0,PCNT,,FAMILY_PLANNING,2016,48.5,,1,RP,F,,,,,,,EOF,
SEN,MNCH_DEMAND_FP,_T,Y15T49,_T,_T,_T,_T,MNCH_SRC_1923,0,PCNT,,FAMILY_PLANNING,2014,43.8,,1,RP,F,,,,,,,EOF,
SEN,MNCH_DEMAND_FP,_T,Y15T49,_T,_T,_T,_T,MNCH_SRC_1925,0,PCNT,,FAMILY_PLANNING,2015,44.9,,1,RP,F,,,,,,,EOF,
NGA,MNCH_DEMAND_FP,_T,Y15T49,_T,_T,_T,_T,MNCH_SRC_3214,0,PCNT,,FAMILY_PLANNING,2017,37.4,,1,RP,F,,,,,,,EOF,
SEN,MNCH_DEMAND_FP,_T,Y15T49,_T,_T,_T,_T,MNCH_SRC_1934,0,PCNT,,FAMILY_PLANNING,2019,53.2,,1,RP,F,,,,,,,EOF,
NGA,MNCH_DEMAND_FP,_T,Y15T49,_T,_T,_T,_T,MNCH_SRC_1606,0,PCNT,,FAMILY_PLANNING,2016,37.5,,1,RP,F,,,,,,,EOF,
SEN,MNCH_DEMAND_FP,_T,Y15T49,_T,_T,_T,_T,MNCH_SRC_1931,0,PCNT,,FAMILY_PLANNING,2018,53.8,,1,RP,F,,,,,,,EOF,
SEN,MNCH_DEMAND_FP,_T,Y15T49,_T,_T,_T,_T,MNCH_SRC_1929,0,PCNT,,FAMILY_PLANNING,2017,53.9,,1,RP,F,,,,,,,EOF,
SEN,MNCH_DEMAND_FP,_T,Y15T49,_T,_T,_T,_T,MNCH_SRC_1914,0,PCNT,,FAMILY_PLANNING,2005,24.7,,1,RP,F,,,,,,,EOF,
NGA,MNCH_DEMAND_FP,_T,Y15T49,_T,_T,_T,_T,MNCH_SRC_1601,0,PCNT,,FAMILY_PLANNING,2011,31.7,,1,RP,F,,,,,,,EOF,
TUR,MNCH_DEMAND_FP,_T,Y15T49,_T,_T,_T,_T,MNCH_SRC_2080,0,PCNT,,FAMILY_PLANNING,2013,59.7,,1,RP,F,,,,,,,EOF,
TUR,MNCH_DEMAND_FP,_T,Y15T49,_T,_T,_T,_T,MNCH_SRC_2079,0,PCNT,,FAMILY_PLANNING,2008,56.4,,1,RP,F,,,,,,,EOF,
TUR,MNCH_DEMAND_FP,_T,Y15T49,_T,_T,_T,_T,MNCH_SRC_2078,0,PCNT,,FAMILY_PLANNING,2003,53.5,,1,RP,F,,,,,,,EOF,
TUR,MNCH_DEMAND_FP,_T,Y15T49,_T,_T,_T,_T,MNCH_SRC_2081,0,PCNT,,FAMILY_PLANNING,2018,60.2,,1,RP,F,,,,,,,EOF,
FJI,MNCH_DEMAND_FP,_T,Y15T49,_T,_T,_T,_T,MNCH_SRC_2674,0,PCNT,,FAMILY_PLANNING,2021,51.3,,1,RP,F,,,,,,,EOF,
SEN,MNCH_DEMAND_FP,_T,Y15T49,_T,_T,_T,_T,MNCH_SRC_1919,0,PCNT,,FAMILY_PLANNING,2010,29,,1,RP,F,,,,,,,EOF,
SEN,MNCH_DEMAND_FP,_T,Y15T49,_T,_T,_T,_T,MNCH_SRC_3125,0,PCNT,,FAMILY_PLANNING,2023,55.7,,1,RP,F,,,,,,,EOF,
SEN,MNCH_DEMAND_FP,_T,Y15T49,_T,_T,_T,_T,MNCH_SRC_1921,0,PCNT,,FAMILY_PLANNING,2012,35.3,,1,RP,F,,,,,,,EOF,
NGA,MNCH_DEMAND_FP,_T,Y15T49,_T,_T,_T,_T,MNCH_SRC_1603,0,PCNT,,FAMILY_PLANNING,2013,38.5,,1,RP,F,,,,,,,EOF,
NGA,MNCH_DEMAND_FP,_T,Y15T49,_T,_T,_T,_T,MNCH_SRC_1612,0,PCNT,,FAMILY_PLANNING,2018,35.6,,1,RP,F,,,,,,,EOF,
NGA,MNCH_DEMAND_FP,_T,Y15T49,_T,_T,_T,_T,MNCH_SRC_2695,0,PCNT,,FAMILY_PLANNING,2021,41.9,,1,RP,F,,,,,,,EOF,
NGA,MNCH_DEMAND_FP,_T,Y15T49,_T,_T,_T,_T,MNCH_SRC_1597,0,PCNT,,FAMILY_PLANNING,2003,32,,1,RP,F,,,,,,,EOF,
NGA,MNCH_DEMAND_FP,_T,Y15T49,_T,_T,_T,_T,MNCH_SRC_1599,0,PCNT,,FAMILY_PLANNING,2008,33.2,,1,RP,F,,,,,,,EOF,
IRN,MNCH_DEMAND_FP,_T,Y15T49,_T,_T,_T,_T,MNCH_SRC_1069,0,PCNT,,FAMILY_PLANNING,2010,68.6,,1,RP,F,,,,,,,EOF,
PAK,MNCH_DEMAND_FP,_T,Y15T49,_T,_T,_T,_T,MNCH_SRC_1685,0,PCNT,,FAMILY_PLANNING,2012,47,,1,RP,F,,,,,,,EOF,
PAK,MNCH_DEMAND_FP,_T,Y15T49,_T,_T,_T,_T,MNCH_SRC_1689,0,PCNT,,FAMILY_PLANNING,2017,48.5,,1,RP,F,,,,,,,EOF,
MLI,MNCH_DEMAND_FP,_T,Y15T49,_T,_T,_T,_T,MNCH_SRC_1378,0,PCNT,,FAMILY_PLANNING,2006,19.3,,1,RP,F,,,,,,,EOF,
MLI,MNCH_DEMAND_FP,_T,Y15T49,_T,_T,_T,_T,MNCH_SRC_1385,0,PCNT,,FAMILY_PLANNING,2015,35,,1,RP,F,,,,,,,EOF,
MLI,MNCH_DEMAND_FP,_T,Y15T49,_T,_T,_T,_T,MNCH_SRC_1384,0,PCNT,,FAMILY_PLANNING,2012,28.7,,1,RP,F,,,,,,,EOF,
MLI,MNCH_DEMAND_FP,_T,Y15T49,_T,_T,_T,_T,MNCH_SRC_1389,0,PCNT,,FAMILY_PLANNING,2018,41.2,,1,RP,F,,,,,,,EOF,
NPL,MNCH_DEMAND_FP,_T,Y15T19,_T,_T,_T,_T,MNCH_SRC_2911,0,PCNT,,FAMILY_PLANNING,2022,24,,1,RP,F,,,,,,"United Nations Department of Economic and Social Affairs, Population Division (2024). World Contraceptive Use 2024",EOF,
BFA,MNCH_DEMAND_FP,_T,Y15T49,_T,_T,_T,_T,MNCH_SRC_406,0,PCNT,,FAMILY_PLANNING,2017,54.9,,1,RP,F,,,,,,,EOF,
BFA,MNCH_DEMAND_FP,_T,Y15T49,_T,_T,_T,_T,MNCH_SRC_399,0,PCNT,,FAMILY_PLANNING,2014,32.9,,1,RP,F,,,,,,,EOF,
BFA,MNCH_DEMAND_FP,_T,Y15T49,_T,_T,_T,_T,MNCH_SRC_400,0,PCNT,,FAMILY_PLANNING,2015,40.6,,1,RP,F,,,,,,,EOF,
BFA,MNCH_DEMAND_FP,_T,Y15T49,_T,_T,_T,_T,MNCH_SRC_394,0,PCNT,,FAMILY_PLANNING,2003,25.8,,1,RP,F,,,,,,,EOF,
BFA,MNCH_DEMAND_FP,_T,Y15T49,_T,_T,_T,_T,MNCH_SRC_408,0,PCNT,,FAMILY_PLANNING,2018,56.6,,1,RP,F,,,,,,,EOF,
BFA,MNCH_DEMAND_FP,_T,Y15T49,_T,_T,_T,_T,MNCH_SRC_409,0,PCNT,,FAMILY_PLANNING,2020,52.4,,1,RP,F,,,,,,,EOF,
BFA,MNCH_DEMAND_FP,_T,Y15T49,_T,_T,_T,_T,MNCH_SRC_404,0,PCNT,,FAMILY_PLANNING,2016,46.9,,1,RP,F,,,,,,,EOF,
AU_SOUTHERN_AFRICA,MNCH_DEMAND_FP,_T,Y15T49,_T,_T,_T,_T,MNCH_SRC_2918,0,PCNT,,FAMILY_PLANNING,2023,70.7,,1,RA,F,,,,,,,EOF,
HND,MNCH_DEMAND_FP,_T,Y15T19,_T,_T,_T,_T,MNCH_SRC_2909,0,PCNT,,FAMILY_PLANNING,2019,73.6,,1,RP,F,,,,,,"United Nations Department of Economic and Social Affairs, Population Division (2024). World Contraceptive Use 2024",EOF,
KAZ,MNCH_DEMAND_FP,_T,Y15T49,_T,_T,_T,_T,MNCH_SRC_1185,0,PCNT,,FAMILY_PLANNING,2018,73.1,,1,RP,F,,,,,,,EOF,
KAZ,MNCH_DEMAND_FP,_T,Y15T49,_T,_T,_T,_T,MNCH_SRC_1182,0,PCNT,,FAMILY_PLANNING,2015,81.3,,1,RP,F,,,,,,,EOF,
KAZ,MNCH_DEMAND_FP,_T,Y15T49,_T,_T,_T,_T,MNCH_SRC_1178,0,PCNT,,FAMILY_PLANNING,2010,79.6,,1,RP,F,,,,,,,EOF,
SLE,MNCH_DEMAND_FP,_T,Y15T19,_T,_T,_T,_T,MNCH_SRC_2911,0,PCNT,,FAMILY_PLANNING,2019,33.8,,1,RP,F,,,,,,"United Nations Department of Economic and Social Affairs, Population Division (2024). World Contraceptive Use 2024",EOF,
GNB,MNCH_DEMAND_FP,_T,Y15T49,_T,_T,_T,_T,MNCH_SRC_988,0,PCNT,,FAMILY_PLANNING,2010,64.9,,1,RP,F,,,,,,,EOF,
TCA,MNCH_DEMAND_FP,_T,Y15T49,_T,_T,_T,_T,MNCH_SRC_2527,0,PCNT,,FAMILY_PLANNING,2019,60.8,,1,RP,F,,,,,,,EOF,
CUB,MNCH_DEMAND_FP,_T,Y15T49,_T,_T,_T,_T,MNCH_SRC_657,0,PCNT,,FAMILY_PLANNING,2019,86.9,,1,RP,F,,,,,,,EOF,
CUB,MNCH_DEMAND_FP,_T,Y15T49,_T,_T,_T,_T,MNCH_SRC_648,0,PCNT,,FAMILY_PLANNING,2010,87.8,,1,RP,F,,,,,,,EOF,
CUB,MNCH_DEMAND_FP,_T,Y15T49,_T,_T,_T,_T,MNCH_SRC_651,0,PCNT,,FAMILY_PLANNING,2014,88.8,,1,RP,F,,,,,,,EOF,
PSE,MNCH_DEMAND_FP,_T,Y15T19,_T,_T,_T,_T,MNCH_SRC_2909,0,PCNT,,FAMILY_PLANNING,2020,36.5,,1,RP,F,,,,,,"United Nations Department of Economic and Social Affairs, Population Division (2024). World Contraceptive Use 2024",EOF,
VNM,MNCH_DEMAND_FP,_T,Y15T49,_T,_T,_T,_T,MNCH_SRC_2702,0,PCNT,,FAMILY_PLANNING,2020,72,,1,RP,F,,,,,,,EOF,
VNM,MNCH_DEMAND_FP,_T,Y15T49,_T,_T,_T,_T,MNCH_SRC_2233,0,PCNT,,FAMILY_PLANNING,2013,69.6,,1,RP,F,,,,,,,EOF,
VNM,MNCH_DEMAND_FP,_T,Y15T49,_T,_T,_T,_T,MNCH_SRC_2231,0,PCNT,,FAMILY_PLANNING,2010,73.1,,1,RP,F,,,,,,,EOF,
VNM,MNCH_DEMAND_FP,_T,Y15T49,_T,_T,_T,_T,MNCH_SRC_2228,0,PCNT,,FAMILY_PLANNING,2002,66.6,,1,RP,F,,,,,,,EOF,
AU_AFRICA,MNCH_DEMAND_FP,_T,Y15T19,_T,_T,_T,_T,MNCH_SRC_2918,0,PCNT,,FAMILY_PLANNING,2023,44.2,,1,RA,F,,,,,,,EOF,
GAB,MNCH_DEMAND_FP,_T,Y15T49,_T,_T,_T,_T,MNCH_SRC_2796,0,PCNT,,FAMILY_PLANNING,2019,37.3,,1,RP,F,,,,,,,EOF,
GAB,MNCH_DEMAND_FP,_T,Y15T49,_T,_T,_T,_T,MNCH_SRC_890,0,PCNT,,FAMILY_PLANNING,2012,44,,1,RP,F,,,,,,,EOF,
MWI,MNCH_DEMAND_FP,_T,Y15T19,_T,_T,_T,_T,MNCH_SRC_2909,0,PCNT,,FAMILY_PLANNING,2020,68.5,,1,RP,F,,,,,,"United Nations Department of Economic and Social Affairs, Population Division (2024). World Contraceptive Use 2024",EOF,
GNB,MNCH_DEMAND_FP,_T,Y15T49,_T,_T,_T,_T,MNCH_SRC_990,0,PCNT,,FAMILY_PLANNING,2014,55.7,,1,RP,F,,,,,,,EOF,
GNB,MNCH_DEMAND_FP,_T,Y15T49,_T,_T,_T,_T,MNCH_SRC_992,0,PCNT,,FAMILY_PLANNING,2018,60,,1,RP,F,,,,,,,EOF,
UNICEF_EAP,MNCH_DEMAND_FP,_T,Y15T19,_T,_T,_T,_T,MNCH_SRC_2918,0,PCNT,,FAMILY_PLANNING,2023,69.5,,1,RA,F,,,,,,,EOF,
AUREC_IGAD,MNCH_DEMAND_FP,_T,Y15T49,_T,_T,_T,_T,MNCH_SRC_2918,0,PCNT,,FAMILY_PLANNING,2023,61,,1,RA,F,,,,,,,EOF,
GAB,MNCH_DEMAND_FP,_T,Y15T49,_T,_T,_T,_T,MNCH_SRC_885,0,PCNT,,FAMILY_PLANNING,2000,27.3,,1,RP,F,,,,,,,EOF,
RWA,MNCH_DEMAND_FP,_T,Y15T19,_T,_T,_T,_T,MNCH_SRC_2911,0,PCNT,,FAMILY_PLANNING,2020,87.4,,1,RP,F,,,,,,"United Nations Department of Economic and Social Affairs, Population Division (2024). World Contraceptive Use 2024",EOF,
PER,MNCH_DEMAND_FP,_T,Y15T19,_T,_T,_T,_T,MNCH_SRC_2909,0,PCNT,,FAMILY_PLANNING,2022,74.3,,1,RP,F,,,,,,"United Nations Department of Economic and Social Affairs, Population Division (2024). World Contraceptive Use 2024",EOF,
GUY,MNCH_DEMAND_FP,_T,Y15T19,_T,_T,_T,_T,MNCH_SRC_2909,0,PCNT,,FAMILY_PLANNING,2020,31.6,,1,RP,F,,,,,,"United Nations Department of Economic and Social Affairs, Population Division (2024). World Contraceptive Use 2024",EOF,
BFA,MNCH_DEMAND_FP,_T,Y15T49,_T,_T,_T,_T,MNCH_SRC_398,0,PCNT,,FAMILY_PLANNING,2010,39.9,,1,RP,F,,,,,,,EOF,
BFA,MNCH_DEMAND_FP,_T,Y15T49,_T,_T,_T,_T,MNCH_SRC_2748,0,PCNT,,FAMILY_PLANNING,2021,64.3,,1,RP,F,,,,,,,EOF,
BOL,MNCH_DEMAND_FP,_T,Y15T49,_T,_T,_T,_T,MNCH_SRC_321,0,PCNT,,FAMILY_PLANNING,2016,50.3,,1,RP,F,,,,,,,EOF,
BOL,MNCH_DEMAND_FP,_T,Y15T49,_T,_T,_T,_T,MNCH_SRC_308,0,PCNT,,FAMILY_PLANNING,2003,43.1,,1,RP,F,,,,,,,EOF,
BOL,MNCH_DEMAND_FP,_T,Y15T49,_T,_T,_T,_T,MNCH_SRC_311,0,PCNT,,FAMILY_PLANNING,2008,43.4,,1,RP,F,,,,,,,EOF,
ARG,MNCH_DEMAND_FP,_T,Y15T49,_T,_T,_T,_T,MNCH_SRC_117,0,PCNT,,FAMILY_PLANNING,2019,80.3,,1,RP,F,,,,,,,EOF,
PAK,MNCH_DEMAND_FP,_T,Y15T49,_T,_T,_T,_T,MNCH_SRC_1670,0,PCNT,,FAMILY_PLANNING,2000,33.3,,1,RP,F,,,,,,,EOF,
PAK,MNCH_DEMAND_FP,_T,Y15T49,_T,_T,_T,_T,MNCH_SRC_1677,0,PCNT,,FAMILY_PLANNING,2006,39.6,,1,RP,F,,,,,,,EOF,
LBY,MNCH_DEMAND_FP,_T,Y15T49,_T,_T,_T,_T,MNCH_SRC_1298,0,PCNT,,FAMILY_PLANNING,2007,29.6,,1,RP,F,,,,,,,EOF,
AU_CENTRAL_AFRICA,MNCH_DEMAND_FP,_T,Y15T19,_T,_T,_T,_T,MNCH_SRC_2918,0,PCNT,,FAMILY_PLANNING,2023,25,,1,RA,F,,,,,,,EOF,
LBY,MNCH_DEMAND_FP,_T,Y15T49,_T,_T,_T,_T,MNCH_SRC_1307,0,PCNT,,FAMILY_PLANNING,2014,24,,1,RP,F,,,,,,,EOF,
GNQ,MNCH_DEMAND_FP,_T,Y15T19,_T,_T,_T,_T,MNCH_SRC_2909,0,PCNT,,FAMILY_PLANNING,2011,19.6,,1,RP,F,,,,,,"United Nations Department of Economic and Social Affairs, Population Division (2024). World Contraceptive Use 2024",EOF,
PNG,MNCH_DEMAND_FP,_T,Y15T49,_T,_T,_T,_T,MNCH_SRC_1718,0,PCNT,,FAMILY_PLANNING,2006,40.6,,1,RP,F,,,,,,,EOF,
PNG,MNCH_DEMAND_FP,_T,Y15T49,_T,_T,_T,_T,MNCH_SRC_1725,0,PCNT,,FAMILY_PLANNING,2016,49.2,,1,RP,F,,,,,,,EOF,
STP,MNCH_DEMAND_FP,_T,Y15T19,_T,_T,_T,_T,MNCH_SRC_2909,0,PCNT,,FAMILY_PLANNING,2019,53.7,,1,RP,F,,,,,,"United Nations Department of Economic and Social Affairs, Population Division (2024). World Contraceptive Use 2024",EOF,
LKA,MNCH_DEMAND_FP,_T,Y15T19,_T,_T,_T,_T,MNCH_SRC_2909,0,PCNT,,FAMILY_PLANNING,2016,57.8,,1,RP,F,,,,,,"United Nations Department of Economic and Social Affairs, Population Division (2024). World Contraceptive Use 2024",EOF,
AUREC_AMU,MNCH_DEMAND_FP,_T,Y15T19,_T,_T,_T,_T,MNCH_SRC_2918,0,PCNT,,FAMILY_PLANNING,2023,60.8,,1,RA,F,,,,,,,EOF,
BLR,MNCH_DEMAND_FP,_T,Y15T49,_T,_T,_T,_T,MNCH_SRC_258,0,PCNT,,FAMILY_PLANNING,2012,74.2,,1,RP,F,,,,,,,EOF,
BLR,MNCH_DEMAND_FP,_T,Y15T49,_T,_T,_T,_T,MNCH_SRC_3009,0,PCNT,,FAMILY_PLANNING,2019,66,,1,RP,F,,,,,,,EOF,
TCD,MNCH_DEMAND_FP,_T,Y15T19,_T,_T,_T,_T,MNCH_SRC_2909,0,PCNT,,FAMILY_PLANNING,2019,11.2,,1,RP,F,,,,,,"United Nations Department of Economic and Social Affairs, Population Division (2024). World Contraceptive Use 2024",EOF,
HTI,MNCH_DEMAND_FP,_T,Y15T49,_T,_T,_T,_T,MNCH_SRC_1003,0,PCNT,,FAMILY_PLANNING,2000,35,,1,RP,F,,,,,,,EOF,
TUN,MNCH_DEMAND_FP,_T,Y15T49,_T,_T,_T,_T,MNCH_SRC_3154,0,PCNT,,FAMILY_PLANNING,2023,68.7,,1,RP,F,,,,,,,EOF,
TUN,MNCH_DEMAND_FP,_T,Y15T49,_T,_T,_T,_T,MNCH_SRC_2121,0,PCNT,,FAMILY_PLANNING,2018,62.7,,1,RP,F,,,,,,,EOF,
TUN,MNCH_DEMAND_FP,_T,Y15T49,_T,_T,_T,_T,MNCH_SRC_2119,0,PCNT,,FAMILY_PLANNING,2011,73.2,,1,RP,F,,,,,,,EOF,
TUN,MNCH_DEMAND_FP,_T,Y15T49,_T,_T,_T,_T,MNCH_SRC_2116,0,PCNT,,FAMILY_PLANNING,2001,71.1,,1,RP,F,,,,,,,EOF,
AGO,MNCH_DEMAND_FP,_T,Y15T49,_T,_T,_T,_T,MNCH_SRC_56,0,PCNT,,FAMILY_PLANNING,2015,29.8,,1,RP,F,,,,,,,EOF,
HTI,MNCH_DEMAND_FP,_T,Y15T49,_T,_T,_T,_T,MNCH_SRC_1006,0,PCNT,,FAMILY_PLANNING,2005,37.7,,1,RP,F,,,,,,,EOF,
HTI,MNCH_DEMAND_FP,_T,Y15T49,_T,_T,_T,_T,MNCH_SRC_1011,0,PCNT,,FAMILY_PLANNING,2016,45.4,,1,RP,F,,,,,,,EOF,
HTI,MNCH_DEMAND_FP,_T,Y15T49,_T,_T,_T,_T,MNCH_SRC_1008,0,PCNT,,FAMILY_PLANNING,2012,45.6,,1,RP,F,,,,,,,EOF,
GEO,MNCH_DEMAND_FP,_T,Y15T19,_T,_T,_T,_T,MNCH_SRC_2909,0,PCNT,,FAMILY_PLANNING,2018,27.1,,1,RP,F,,,,,,"United Nations Department of Economic and Social Affairs, Population Division (2024). World Contraceptive Use 2024",EOF,
CRI,MNCH_DEMAND_FP,_T,Y15T19,_T,_T,_T,_T,MNCH_SRC_2909,0,PCNT,,FAMILY_PLANNING,2018,77.6,,1,RP,F,,,,,,"United Nations Department of Economic and Social Affairs, Population Division (2024). World Contraceptive Use 2024",EOF,
UNSDG_LDC,MNCH_DEMAND_FP,_T,Y15T49,_T,_T,_T,_T,MNCH_SRC_2918,0,PCNT,,FAMILY_PLANNING,2023,62.4,,1,RA,F,,,,,,,EOF,
AUREC_EAC,MNCH_DEMAND_FP,_T,Y15T19,_T,_T,_T,_T,MNCH_SRC_2918,0,PCNT,,FAMILY_PLANNING,2023,39.5,,1,RA,F,,,,,,,EOF,
TON,MNCH_DEMAND_FP,_T,Y15T49,_T,_T,_T,_T,MNCH_SRC_2103,0,PCNT,,FAMILY_PLANNING,2019,49.9,,1,RP,F,,,,,,,EOF,
TON,MNCH_DEMAND_FP,_T,Y15T49,_T,_T,_T,_T,MNCH_SRC_2101,0,PCNT,,FAMILY_PLANNING,2012,47.9,,1,RP,F,,,,,,,EOF,
SWZ,MNCH_DEMAND_FP,_T,Y15T19,_T,_T,_T,_T,MNCH_SRC_2909,0,PCNT,,FAMILY_PLANNING,2022,69.5,,1,RP,F,,,,,,"United Nations Department of Economic and Social Affairs, Population Division (2024). World Contraceptive Use 2024",EOF,
COL,MNCH_DEMAND_FP,_T,Y15T19,_T,_T,_T,_T,MNCH_SRC_2911,0,PCNT,,FAMILY_PLANNING,2016,72.2,,1,RP,F,,,,,,"United Nations Department of Economic and Social Affairs, Population Division (2024). World Contraceptive Use 2024",EOF,
TCD,MNCH_DEMAND_FP,_T,Y15T49,_T,_T,_T,_T,MNCH_SRC_481,0,PCNT,,FAMILY_PLANNING,2019,17.5,,1,RP,F,,,,,,,EOF,
TCD,MNCH_DEMAND_FP,_T,Y15T49,_T,_T,_T,_T,MNCH_SRC_479,0,PCNT,,FAMILY_PLANNING,2014,20.2,,1,RP,F,,,,,,,EOF,
TCD,MNCH_DEMAND_FP,_T,Y15T49,_T,_T,_T,_T,MNCH_SRC_476,0,PCNT,,FAMILY_PLANNING,2010,13.6,,1,RP,F,,,,,,,EOF,
TCD,MNCH_DEMAND_FP,_T,Y15T49,_T,_T,_T,_T,MNCH_SRC_474,0,PCNT,,FAMILY_PLANNING,2004,8,,1,RP,F,,,,,,,EOF,
NIC,MNCH_DEMAND_FP,_T,Y15T49,_T,_T,_T,_T,MNCH_SRC_1570,0,PCNT,,FAMILY_PLANNING,2006,85.7,,1,RP,F,,,,,,,EOF,
TGO,MNCH_DEMAND_FP,_T,Y15T49,_T,_T,_T,_T,MNCH_SRC_2093,0,PCNT,,FAMILY_PLANNING,2010,26.1,,1,RP,F,,,,,,,EOF,
TGO,MNCH_DEMAND_FP,_T,Y15T49,_T,_T,_T,_T,MNCH_SRC_2097,0,PCNT,,FAMILY_PLANNING,2017,39.6,,1,RP,F,,,,,,,EOF,
TGO,MNCH_DEMAND_FP,_T,Y15T49,_T,_T,_T,_T,MNCH_SRC_2095,0,PCNT,,FAMILY_PLANNING,2013,37.4,,1,RP,F,,,,,,,EOF,
UNICEF_MENA,MNCH_DEMAND_FP,_T,Y15T19,_T,_T,_T,_T,MNCH_SRC_2918,0,PCNT,,FAMILY_PLANNING,2023,54.6,,1,RA,F,,,,,,,EOF,
UZB,MNCH_DEMAND_FP,_T,Y15T19,_T,_T,_T,_T,MNCH_SRC_2909,0,PCNT,,FAMILY_PLANNING,2022,16.5,,1,RP,F,,,,,,"United Nations Department of Economic and Social Affairs, Population Division (2024). World Contraceptive Use 2024",EOF,
NIC,MNCH_DEMAND_FP,_T,Y15T49,_T,_T,_T,_T,MNCH_SRC_1574,0,PCNT,,FAMILY_PLANNING,2011,89.8,,1,RP,F,,,,,,,EOF,
NIC,MNCH_DEMAND_FP,_T,Y15T49,_T,_T,_T,_T,MNCH_SRC_1567,0,PCNT,,FAMILY_PLANNING,2001,79,,1,RP,F,,,,,,,EOF,
AUREC_ECCAS,MNCH_DEMAND_FP,_T,Y15T19,_T,_T,_T,_T,MNCH_SRC_2918,0,PCNT,,FAMILY_PLANNING,2023,24.9,,1,RA,F,,,,,,,EOF,
UNICEF_LAC,MNCH_DEMAND_FP,_T,Y15T19,_T,_T,_T,_T,MNCH_SRC_2918,0,PCNT,,FAMILY_PLANNING,2023,71.9,,1,RA,F,,,,,,,EOF,
KEN,MNCH_DEMAND_FP,_T,Y15T49,_T,_T,_T,_T,MNCH_SRC_1190,0,PCNT,,FAMILY_PLANNING,2008,55.9,,1,RP,F,,,,,,,EOF,
KEN,MNCH_DEMAND_FP,_T,Y15T49,_T,_T,_T,_T,MNCH_SRC_1193,0,PCNT,,FAMILY_PLANNING,2014,70.7,,1,RP,F,,,,,,,EOF,
KEN,MNCH_DEMAND_FP,_T,Y15T49,_T,_T,_T,_T,MNCH_SRC_1187,0,PCNT,,FAMILY_PLANNING,2003,47.5,,1,RP,F,,,,,,,EOF,
RWA,MNCH_DEMAND_FP,_T,Y15T49,_T,_T,_T,_T,MNCH_SRC_1878,0,PCNT,,FAMILY_PLANNING,2010,60.2,,1,RP,F,,,,,,,EOF,
RWA,MNCH_DEMAND_FP,_T,Y15T49,_T,_T,_T,_T,MNCH_SRC_1873,0,PCNT,,FAMILY_PLANNING,2005,17.8,,1,RP,F,,,,,,,EOF,
RWA,MNCH_DEMAND_FP,_T,Y15T49,_T,_T,_T,_T,MNCH_SRC_1882,0,PCNT,,FAMILY_PLANNING,2014,62.9,,1,RP,F,,,,,,,EOF,
RWA,MNCH_DEMAND_FP,_T,Y15T49,_T,_T,_T,_T,MNCH_SRC_1885,0,PCNT,,FAMILY_PLANNING,2019,72.1,,1,RP,F,,,,,,,EOF,
RWA,MNCH_DEMAND_FP,_T,Y15T49,_T,_T,_T,_T,MNCH_SRC_1876,0,PCNT,,FAMILY_PLANNING,2007,38.3,,1,RP,F,,,,,,,EOF,
MNG,MNCH_DEMAND_FP,_T,Y15T19,_T,_T,_T,_T,MNCH_SRC_2910,0,PCNT,,FAMILY_PLANNING,2018,52.5,,1,RP,F,,,,,,"United Nations Department of Economic and Social Affairs, Population Division (2024). World Contraceptive Use 2024",EOF,
RWA,MNCH_DEMAND_FP,_T,Y15T49,_T,_T,_T,_T,MNCH_SRC_1871,0,PCNT,,FAMILY_PLANNING,2000,12.6,,1,RP,F,,,,,,,EOF,
BEN,MNCH_DEMAND_FP,_T,Y15T49,_T,_T,_T,_T,MNCH_SRC_3011,0,PCNT,,FAMILY_PLANNING,2021,36.8,,1,RP,F,,,,,,,EOF,
BEN,MNCH_DEMAND_FP,_T,Y15T49,_T,_T,_T,_T,MNCH_SRC_275,0,PCNT,,FAMILY_PLANNING,2001,17.1,,1,RP,F,,,,,,,EOF,
BDI,MNCH_DEMAND_FP,_T,Y15T19,_T,_T,_T,_T,MNCH_SRC_2911,0,PCNT,,FAMILY_PLANNING,2017,54.6,,1,RP,F,,,,,,"United Nations Department of Economic and Social Affairs, Population Division (2024). World Contraceptive Use 2024",EOF,
CAF,MNCH_DEMAND_FP,_T,Y15T19,_T,_T,_T,_T,MNCH_SRC_2909,0,PCNT,,FAMILY_PLANNING,2019,13.6,,1,RP,F,,,,,,"United Nations Department of Economic and Social Affairs, Population Division (2024). World Contraceptive Use 2024",EOF,
PRY,MNCH_DEMAND_FP,_T,Y15T49,_T,_T,_T,_T,MNCH_SRC_1748,0,PCNT,,FAMILY_PLANNING,2016,78.9,,1,RP,F,,,,,,,EOF,
XKX,MNCH_DEMAND_FP,_T,Y15T19,_T,_T,_T,_T,MNCH_SRC_2909,0,PCNT,,FAMILY_PLANNING,2020,0,,1,RP,F,,,,,,"United Nations Department of Economic and Social Affairs, Population Division (2024). World Contraceptive Use 2024",EOF,
MHL,MNCH_DEMAND_FP,_T,Y15T49,_T,_T,_T,_T,MNCH_SRC_1425,0,PCNT,,FAMILY_PLANNING,2007,80.5,,1,RP,F,,,,,,,EOF,
MMR,MNCH_DEMAND_FP,_T,Y15T49,_T,_T,_T,_T,MNCH_SRC_1525,0,PCNT,,FAMILY_PLANNING,2015,74.9,,1,RP,F,,,,,,,EOF,
PRY,MNCH_DEMAND_FP,_T,Y15T49,_T,_T,_T,_T,MNCH_SRC_1728,0,PCNT,,FAMILY_PLANNING,2004,74,,1,RP,F,,,,,,,EOF,
PRY,MNCH_DEMAND_FP,_T,Y15T49,_T,_T,_T,_T,MNCH_SRC_1735,0,PCNT,,FAMILY_PLANNING,2008,80.6,,1,RP,F,,,,,,,EOF,
SLB,MNCH_DEMAND_FP,_T,Y15T49,_T,_T,_T,_T,MNCH_SRC_1991,0,PCNT,,FAMILY_PLANNING,2015,38,,1,RP,F,,,,,,,EOF,
SLB,MNCH_DEMAND_FP,_T,Y15T49,_T,_T,_T,_T,MNCH_SRC_1989,0,PCNT,,FAMILY_PLANNING,2006,60,,1,RP,F,,,,,,,EOF,
MMR,MNCH_DEMAND_FP,_T,Y15T49,_T,_T,_T,_T,MNCH_SRC_1518,0,PCNT,,FAMILY_PLANNING,2001,58.5,,1,RP,F,,,,,,,EOF,
BEN,MNCH_DEMAND_FP,_T,Y15T49,_T,_T,_T,_T,MNCH_SRC_284,0,PCNT,,FAMILY_PLANNING,2014,25.9,,1,RP,F,,,,,,,EOF,
BEN,MNCH_DEMAND_FP,_T,Y15T49,_T,_T,_T,_T,MNCH_SRC_277,0,PCNT,,FAMILY_PLANNING,2006,17.5,,1,RP,F,,,,,,,EOF,
BEN,MNCH_DEMAND_FP,_T,Y15T49,_T,_T,_T,_T,MNCH_SRC_286,0,PCNT,,FAMILY_PLANNING,2017,28,,1,RP,F,,,,,,,EOF,
BEN,MNCH_DEMAND_FP,_T,Y15T49,_T,_T,_T,_T,MNCH_SRC_281,0,PCNT,,FAMILY_PLANNING,2011,22.4,,1,RP,F,,,,,,,EOF,
ZMB,MNCH_DEMAND_FP,_T,Y15T49,_T,_T,_T,_T,MNCH_SRC_2247,0,PCNT,,FAMILY_PLANNING,2001,41.5,,1,RP,F,,,,,,,EOF,
TTO,MNCH_DEMAND_FP,_T,Y15T19,_T,_T,_T,_T,MNCH_SRC_2909,0,PCNT,,FAMILY_PLANNING,2022,12.8,,1,RP,F,,,,,,"United Nations Department of Economic and Social Affairs, Population Division (2024). World Contraceptive Use 2024",EOF,
ZMB,MNCH_DEMAND_FP,_T,Y15T49,_T,_T,_T,_T,MNCH_SRC_2250,0,PCNT,,FAMILY_PLANNING,2007,48.9,,1,RP,F,,,,,,,EOF,
ZMB,MNCH_DEMAND_FP,_T,Y15T49,_T,_T,_T,_T,MNCH_SRC_2252,0,PCNT,,FAMILY_PLANNING,2013,62.4,,1,RP,F,,,,,,,EOF,
ZMB,MNCH_DEMAND_FP,_T,Y15T49,_T,_T,_T,_T,MNCH_SRC_2254,0,PCNT,,FAMILY_PLANNING,2018,65.9,,1,RP,F,,,,,,,EOF,
YEM,MNCH_DEMAND_FP,_T,Y15T19,_T,_T,_T,_T,MNCH_SRC_2911,0,PCNT,,FAMILY_PLANNING,2013,22.5,,1,RP,F,,,,,,"United Nations Department of Economic and Social Affairs, Population Division (2024). World Contraceptive Use 2024",EOF,
OMN,MNCH_DEMAND_FP,_T,Y15T19,_T,_T,_T,_T,MNCH_SRC_2909,0,PCNT,,FAMILY_PLANNING,2008,17.2,,1,RP,F,,,,,Data pertain to nationals of the country.,"United Nations Department of Economic and Social Affairs, Population Division (2024). World Contraceptive Use 2024",EOF,
SDGRC_ECA_ALL,MNCH_DEMAND_FP,_T,Y15T19,_T,_T,_T,_T,MNCH_SRC_2918,0,PCNT,,FAMILY_PLANNING,2023,44.2,,1,RA,F,,,,,,,EOF,
IRQ,MNCH_DEMAND_FP,_T,Y15T19,_T,_T,_T,_T,MNCH_SRC_2910,0,PCNT,,FAMILY_PLANNING,2018,43.8,,1,RP,F,,,,,,"United Nations Department of Economic and Social Affairs, Population Division (2024). World Contraceptive Use 2024",EOF,
